hA,hB,bankA,bankB,shA,shB,turn,to_move,value
1,1,0,0,0,0,7,0,0.986396
1,1,0,0,0,1,7,0,0.398000
1,1,0,0,0,2,7,0,0.199000
1,1,0,0,0,3,7,0,0.066333
1,1,0,0,1,0,6,1,-0.041094
1,1,0,0,2,0,6,1,-0.222687
1,1,0,1,0,0,7,0,0.663333
1,1,0,1,0,1,7,0,0.398000
1,1,0,1,0,2,7,0,0.199000
1,1,0,2,0,0,7,0,0.663333
1,1,0,2,0,1,7,0,0.398000
1,1,0,3,0,0,7,0,0.663333
1,1,1,0,0,0,6,1,-0.428696
1,1,1,0,0,0,7,0,0.994873
1,1,1,0,0,1,7,0,0.497500
1,1,1,0,0,2,7,0,0.298500
1,1,1,0,0,3,7,0,0.149250
1,1,1,0,1,0,6,1,-0.484306
1,1,1,1,0,0,7,0,0.746250
1,1,1,1,0,1,7,0,0.497500
1,1,1,1,0,2,7,0,0.298500
1,1,1,2,0,0,7,0,0.746250
1,1,1,2,0,1,7,0,0.497500
1,1,1,3,0,0,7,0,0.746250
1,1,2,0,0,0,6,1,-0.671314
1,1,2,0,0,1,7,0,0.597000
1,1,2,0,0,2,7,0,0.398000
1,1,2,0,0,3,7,0,0.238800
1,1,2,1,0,0,7,0,0.796000
1,1,2,1,0,1,7,0,0.597000
1,1,2,1,0,2,7,0,0.398000
1,1,2,2,0,0,7,0,0.796000
1,1,2,2,0,1,7,0,0.597000
1,1,2,3,0,0,7,0,0.796000
1,2,0,0,0,0,5,0,0.994342
1,2,0,0,0,0,7,0,0.398000
1,2,0,0,0,1,7,0,0.199000
1,2,0,0,0,2,7,0,0.066333
1,2,0,0,0,3,7,0,0.000000
1,2,0,0,2,0,6,1,0.091905
1,2,0,0,3,0,6,1,0.231006
1,2,0,1,0,0,7,0,0.398000
1,2,0,1,0,1,7,0,0.199000
1,2,0,1,0,2,7,0,0.066333
1,2,0,2,0,0,7,0,0.398000
1,2,0,2,0,1,7,0,0.199000
1,2,0,3,0,0,7,0,0.398000
1,2,1,0,0,0,7,0,0.497500
1,2,1,0,0,1,7,0,0.298500
1,2,1,0,0,2,7,0,0.149250
1,2,1,0,0,3,7,0,0.049750
1,2,1,0,1,0,6,1,-0.105445
1,2,1,0,2,0,6,1,0.172757
1,2,1,1,0,0,7,0,0.497500
1,2,1,1,0,1,7,0,0.298500
1,2,1,1,0,2,7,0,0.149250
1,2,1,2,0,0,7,0,0.497500
1,2,1,2,0,1,7,0,0.298500
1,2,1,3,0,0,7,0,0.497500
1,2,2,0,0,0,6,1,-0.462357
1,2,2,0,0,0,7,0,0.956220
1,2,2,0,0,1,7,0,0.398000
1,2,2,0,0,2,7,0,0.238800
1,2,2,0,0,3,7,0,0.119400
1,2,2,0,1,0,6,1,-0.041094
1,2,2,1,0,0,7,0,0.597000
1,2,2,1,0,1,7,0,0.398000
1,2,2,1,0,2,7,0,0.238800
1,2,2,2,0,0,7,0,0.597000
1,2,2,2,0,1,7,0,0.398000
1,2,2,3,0,0,7,0,0.597000
1,2,3,0,0,0,6,1,-0.428696
1,2,3,0,0,0,7,0,0.994834
1,2,3,0,0,1,7,0,0.497500
1,2,3,0,0,2,7,0,0.331667
1,2,3,0,0,3,7,0,0.199000
1,2,3,1,0,0,7,0,0.663333
1,2,3,1,0,1,7,0,0.497500
1,2,3,1,0,2,7,0,0.331667
1,2,3,2,0,0,7,0,0.663333
1,2,3,2,0,1,7,0,0.497500
1,2,3,3,0,0,7,0,0.663333
1,3,0,0,0,0,5,0,0.989574
1,3,0,0,0,0,7,0,0.199000
1,3,0,0,0,1,7,0,0.066333
1,3,0,0,0,2,7,0,0.000000
1,3,0,0,0,3,7,0,0.000000
1,3,0,0,3,0,6,1,0.099002
1,3,0,0,4,0,6,1,0.038174
1,3,0,1,0,0,7,0,0.199000
1,3,0,1,0,1,7,0,0.066333
1,3,0,1,0,2,7,0,0.000000
1,3,0,2,0,0,7,0,0.199000
1,3,0,2,0,1,7,0,0.066333
1,3,0,3,0,0,7,0,0.199000
1,3,1,0,0,0,5,0,0.978621
1,3,1,0,0,0,7,0,0.298500
1,3,1,0,0,1,7,0,0.149250
1,3,1,0,0,2,7,0,0.049750
1,3,1,0,0,3,7,0,0.000000
1,3,1,0,2,0,6,1,0.044054
1,3,1,0,3,0,6,1,0.173254
1,3,1,1,0,0,7,0,0.298500
1,3,1,1,0,1,7,0,0.149250
1,3,1,1,0,2,7,0,0.049750
1,3,1,2,0,0,7,0,0.298500
1,3,1,2,0,1,7,0,0.149250
1,3,1,3,0,0,7,0,0.298500
1,3,2,0,0,0,7,0,0.398000
1,3,2,0,0,1,7,0,0.238800
1,3,2,0,0,2,7,0,0.119400
1,3,2,0,0,3,7,0,0.039800
1,3,2,0,1,0,6,1,-0.144056
1,3,2,0,2,0,6,1,0.094033
1,3,2,1,0,0,7,0,0.398000
1,3,2,1,0,1,7,0,0.238800
1,3,2,1,0,2,7,0,0.119400
1,3,2,2,0,0,7,0,0.398000
1,3,2,2,0,1,7,0,0.238800
1,3,2,3,0,0,7,0,0.398000
1,3,3,0,0,0,6,1,-0.484797
1,3,3,0,0,0,7,0,0.497500
1,3,3,0,0,1,7,0,0.331667
1,3,3,0,0,2,7,0,0.199000
1,3,3,0,0,3,7,0,0.099500
1,3,3,0,1,0,6,1,-0.083995
1,3,3,1,0,0,7,0,0.497500
1,3,3,1,0,1,7,0,0.331667
1,3,3,1,0,2,7,0,0.199000
1,3,3,2,0,0,7,0,0.497500
1,3,3,2,0,1,7,0,0.331667
1,3,3,3,0,0,7,0,0.497500
1,3,4,0,0,0,6,1,-0.452739
1,3,4,0,0,0,7,0,0.994936
1,3,4,0,0,1,7,0,0.426429
1,3,4,0,0,2,7,0,0.284286
1,3,4,0,0,3,7,0,0.170571
1,3,4,1,0,0,7,0,0.568571
1,3,4,1,0,1,7,0,0.426429
1,3,4,1,0,2,7,0,0.284286
1,3,4,2,0,0,7,0,0.568571
1,3,4,2,0,1,7,0,0.426429
1,3,4,3,0,0,7,0,0.568571
1,4,0,0,0,0,7,0,0.066333
1,4,0,0,0,1,7,0,0.000000
1,4,0,0,0,2,7,0,0.000000
1,4,0,0,0,3,7,0,0.000000
1,4,0,0,4,0,6,1,0.026401
1,4,0,0,5,0,6,1,0.026401
1,4,0,1,0,0,7,0,0.066333
1,4,0,1,0,1,7,0,0.000000
1,4,0,1,0,2,7,0,0.000000
1,4,0,2,0,0,7,0,0.066333
1,4,0,2,0,1,7,0,0.000000
1,4,0,3,0,0,7,0,0.066333
1,4,1,0,0,0,5,0,0.990068
1,4,1,0,0,0,7,0,0.149250
1,4,1,0,0,1,7,0,0.049750
1,4,1,0,0,2,7,0,0.000000
1,4,1,0,0,3,7,0,0.000000
1,4,1,0,3,0,6,1,0.074252
1,4,1,0,4,0,6,1,0.074252
1,4,1,1,0,0,7,0,0.149250
1,4,1,1,0,1,7,0,0.049750
1,4,1,1,0,2,7,0,0.000000
1,4,1,2,0,0,7,0,0.149250
1,4,1,2,0,1,7,0,0.049750
1,4,1,3,0,0,7,0,0.149250
1,4,2,0,0,0,5,0,0.965897
1,4,2,0,0,0,7,0,0.238800
1,4,2,0,0,1,7,0,0.119400
1,4,2,0,0,2,7,0,0.039800
1,4,2,0,0,3,7,0,0.000000
1,4,2,0,2,0,6,1,0.015343
1,4,2,0,3,0,6,1,0.138603
1,4,2,1,0,0,7,0,0.238800
1,4,2,1,0,1,7,0,0.119400
1,4,2,1,0,2,7,0,0.039800
1,4,2,2,0,0,7,0,0.238800
1,4,2,2,0,1,7,0,0.119400
1,4,2,3,0,0,7,0,0.238800
1,4,3,0,0,0,7,0,0.331667
1,4,3,0,0,1,7,0,0.199000
1,4,3,0,0,2,7,0,0.099500
1,4,3,0,0,3,7,0,0.033167
1,4,3,0,1,0,6,1,-0.169797
1,4,3,0,2,0,6,1,0.082005
1,4,3,1,0,0,7,0,0.331667
1,4,3,1,0,1,7,0,0.199000
1,4,3,1,0,2,7,0,0.099500
1,4,3,2,0,0,7,0,0.331667
1,4,3,2,0,1,7,0,0.199000
1,4,3,3,0,0,7,0,0.331667
1,4,4,0,0,0,6,1,-0.500826
1,4,4,0,0,0,7,0,0.426429
1,4,4,0,0,1,7,0,0.284286
1,4,4,0,0,2,7,0,0.170571
1,4,4,0,0,3,7,0,0.085286
1,4,4,0,1,0,6,1,-0.114638
1,4,4,1,0,0,7,0,0.426429
1,4,4,1,0,1,7,0,0.284286
1,4,4,1,0,2,7,0,0.170571
1,4,4,2,0,0,7,0,0.426429
1,4,4,2,0,1,7,0,0.284286
1,4,4,3,0,0,7,0,0.426429
1,5,0,0,0,0,7,0,0.000000
1,5,0,0,0,1,7,0,0.000000
1,5,0,0,0,2,7,0,0.000000
1,5,0,0,0,3,7,0,0.000000
1,5,0,0,5,0,6,1,0.000000
1,5,0,0,6,0,6,1,0.000000
1,5,0,1,0,0,7,0,0.000000
1,5,0,1,0,1,7,0,0.000000
1,5,0,1,0,2,7,0,0.000000
1,5,0,2,0,0,7,0,0.000000
1,5,0,2,0,1,7,0,0.000000
1,5,0,3,0,0,7,0,0.000000
1,5,1,0,0,0,7,0,0.049750
1,5,1,0,0,1,7,0,0.000000
1,5,1,0,0,2,7,0,0.000000
1,5,1,0,0,3,7,0,0.000000
1,5,1,0,4,0,6,1,0.019801
1,5,1,0,5,0,6,1,0.019800
1,5,1,1,0,0,7,0,0.049750
1,5,1,1,0,1,7,0,0.000000
1,5,1,1,0,2,7,0,0.000000
1,5,1,2,0,0,7,0,0.049750
1,5,1,2,0,1,7,0,0.000000
1,5,1,3,0,0,7,0,0.049750
1,5,2,0,0,0,5,0,0.979245
1,5,2,0,0,0,7,0,0.119400
1,5,2,0,0,1,7,0,0.039800
1,5,2,0,0,2,7,0,0.000000
1,5,2,0,0,3,7,0,0.000000
1,5,2,0,3,0,6,1,0.059402
1,5,2,0,4,0,6,1,0.059401
1,5,2,1,0,0,7,0,0.119400
1,5,2,1,0,1,7,0,0.039800
1,5,2,1,0,2,7,0,0.000000
1,5,2,2,0,0,7,0,0.119400
1,5,2,2,0,1,7,0,0.039800
1,5,2,3,0,0,7,0,0.119400
1,5,3,0,0,0,5,0,0.994154
1,5,3,0,0,0,7,0,0.199000
1,5,3,0,0,1,7,0,0.099500
1,5,3,0,0,2,7,0,0.033167
1,5,3,0,0,3,7,0,0.000000
1,5,3,0,2,0,6,1,-0.003798
1,5,3,0,3,0,6,1,0.115503
1,5,3,1,0,0,7,0,0.199000
1,5,3,1,0,1,7,0,0.099500
1,5,3,1,0,2,7,0,0.033167
1,5,3,2,0,0,7,0,0.199000
1,5,3,2,0,1,7,0,0.099500
1,5,3,3,0,0,7,0,0.199000
1,5,4,0,0,0,7,0,0.284286
1,5,4,0,0,1,7,0,0.170571
1,5,4,0,0,2,7,0,0.085286
1,5,4,0,0,3,7,0,0.028429
1,5,4,0,1,0,6,1,-0.188183
1,5,4,0,2,0,6,1,0.056075
1,5,4,1,0,0,7,0,0.284286
1,5,4,1,0,1,7,0,0.170571
1,5,4,1,0,2,7,0,0.085286
1,5,4,2,0,0,7,0,0.284286
1,5,4,2,0,1,7,0,0.170571
1,5,4,3,0,0,7,0,0.284286
2,1,0,0,0,0,6,1,-0.994931
2,1,0,0,0,0,7,0,0.939211
2,1,0,0,0,1,7,0,0.979514
2,1,0,0,0,2,7,0,0.199000
2,1,0,0,0,3,7,0,0.066333
2,1,0,0,0,4,7,0,0.000000
2,1,0,0,1,0,6,1,-0.939483
2,1,0,0,2,0,6,1,0.846934
2,1,0,1,0,0,7,0,0.986396
2,1,0,1,0,1,7,0,0.398000
2,1,0,1,0,2,7,0,0.199000
2,1,0,1,0,3,7,0,0.066333
2,1,0,1,1,0,6,1,-0.994933
2,1,0,1,2,0,6,1,-0.880639
2,1,0,2,0,0,7,0,0.663333
2,1,0,2,0,1,7,0,0.398000
2,1,0,2,0,2,7,0,0.199000
2,1,0,3,0,0,7,0,0.663333
2,1,0,3,0,1,7,0,0.398000
2,1,0,4,0,0,7,0,0.663333
2,1,1,0,0,0,6,1,-0.950082
2,1,1,0,0,1,7,0,0.994745
2,1,1,0,0,2,7,0,0.298500
2,1,1,0,0,3,7,0,0.149250
2,1,1,0,0,4,7,0,0.049750
2,1,1,0,1,0,6,1,0.310013
2,1,1,1,0,0,6,1,-0.994950
2,1,1,1,0,0,7,0,0.994873
2,1,1,1,0,1,7,0,0.497500
2,1,1,1,0,2,7,0,0.298500
2,1,1,1,0,3,7,0,0.149250
2,1,1,1,1,0,6,1,-0.921886
2,1,1,2,0,0,7,0,0.746250
2,1,1,2,0,1,7,0,0.497500
2,1,1,2,0,2,7,0,0.298500
2,1,1,3,0,0,7,0,0.746250
2,1,1,3,0,1,7,0,0.497500
2,1,1,4,0,0,7,0,0.746250
2,1,2,0,0,0,6,1,0.039797
2,1,2,0,0,2,7,0,0.398000
2,1,2,0,0,3,7,0,0.238800
2,1,2,0,0,4,7,0,0.119400
2,1,2,1,0,0,6,1,-0.939005
2,1,2,1,0,1,7,0,0.597000
2,1,2,1,0,2,7,0,0.398000
2,1,2,1,0,3,7,0,0.238800
2,1,2,2,0,0,7,0,0.796000
2,1,2,2,0,1,7,0,0.597000
2,1,2,2,0,2,7,0,0.398000
2,1,2,3,0,0,7,0,0.796000
2,1,2,3,0,1,7,0,0.597000
2,1,2,4,0,0,7,0,0.796000
2,2,0,0,0,0,7,0,0.398000
2,2,0,0,0,1,5,0,0.811482
2,2,0,0,0,1,7,0,0.199000
2,2,0,0,0,2,7,0,0.066333
2,2,0,0,0,3,7,0,0.000000
2,2,0,0,0,4,7,0,0.000000
2,2,0,0,1,0,6,1,-0.849519
2,2,0,0,2,0,6,1,0.109011
2,2,0,0,3,0,6,1,0.201492
2,2,0,1,0,0,5,0,0.737151
2,2,0,1,0,0,7,0,0.398000
2,2,0,1,0,1,7,0,0.199000
2,2,0,1,0,2,7,0,0.066333
2,2,0,1,0,3,7,0,0.000000
2,2,0,1,2,0,6,1,-0.627658
2,2,0,1,3,0,6,1,0.198005
2,2,0,2,0,0,7,0,0.398000
2,2,0,2,0,1,7,0,0.199000
2,2,0,2,0,2,7,0,0.066333
2,2,0,3,0,0,7,0,0.398000
2,2,0,3,0,1,7,0,0.199000
2,2,0,4,0,0,7,0,0.398000
2,2,1,0,0,0,6,1,-0.842744
2,2,1,0,0,0,7,0,0.497500
2,2,1,0,0,1,7,0,0.298500
2,2,1,0,0,2,7,0,0.149250
2,2,1,0,0,3,7,0,0.049750
2,2,1,0,0,4,7,0,0.000000
2,2,1,0,1,0,6,1,-0.366900
2,2,1,0,2,0,6,1,0.321758
2,2,1,1,0,0,7,0,0.497500
2,2,1,1,0,1,7,0,0.298500
2,2,1,1,0,2,7,0,0.149250
2,2,1,1,0,3,7,0,0.049750
2,2,1,1,1,0,6,1,-0.696027
2,2,1,1,2,0,6,1,-0.548353
2,2,1,2,0,0,7,0,0.497500
2,2,1,2,0,1,7,0,0.298500
2,2,1,2,0,2,7,0,0.149250
2,2,1,3,0,0,7,0,0.497500
2,2,1,3,0,1,7,0,0.298500
2,2,1,4,0,0,7,0,0.497500
2,2,2,0,0,0,6,1,-0.472477
2,2,2,0,0,0,7,0,0.993958
2,2,2,0,0,1,7,0,0.936830
2,2,2,0,0,2,7,0,0.238800
2,2,2,0,0,3,7,0,0.119400
2,2,2,0,0,4,7,0,0.039800
2,2,2,0,1,0,6,1,0.243733
2,2,2,1,0,0,6,1,-0.760153
2,2,2,1,0,0,7,0,0.956220
2,2,2,1,0,1,7,0,0.398000
2,2,2,1,0,2,7,0,0.238800
2,2,2,1,0,3,7,0,0.119400
2,2,2,1,1,0,6,1,-0.488548
2,2,2,2,0,0,7,0,0.597000
2,2,2,2,0,1,7,0,0.398000
2,2,2,2,0,2,7,0,0.238800
2,2,2,3,0,0,7,0,0.597000
2,2,2,3,0,1,7,0,0.398000
2,2,2,4,0,0,7,0,0.597000
2,2,3,0,0,0,6,1,-0.134886
2,2,3,0,0,0,7,0,0.994880
2,2,3,0,0,1,7,0,0.994751
2,2,3,0,0,2,7,0,0.331667
2,2,3,0,0,3,7,0,0.199000
2,2,3,0,0,4,7,0,0.099500
2,2,3,1,0,0,6,1,-0.804313
2,2,3,1,0,0,7,0,0.994834
2,2,3,1,0,1,7,0,0.497500
2,2,3,1,0,2,7,0,0.331667
2,2,3,1,0,3,7,0,0.199000
2,2,3,2,0,0,7,0,0.663333
2,2,3,2,0,1,7,0,0.497500
2,2,3,2,0,2,7,0,0.331667
2,2,3,3,0,0,7,0,0.663333
2,2,3,3,0,1,7,0,0.497500
2,2,3,4,0,0,7,0,0.663333
2,3,0,0,0,0,5,0,0.859174
2,3,0,0,0,0,7,0,0.199000
2,3,0,0,0,1,5,0,0.257773
2,3,0,0,0,1,7,0,0.066333
2,3,0,0,0,2,7,0,0.000000
2,3,0,0,0,3,7,0,0.000000
2,3,0,0,0,4,7,0,0.000000
2,3,0,0,2,0,6,1,0.000858
2,3,0,0,3,0,6,1,0.003006
2,3,0,0,4,0,6,1,0.060935
2,3,0,1,0,0,5,0,0.336798
2,3,0,1,0,0,7,0,0.199000
2,3,0,1,0,1,7,0,0.066333
2,3,0,1,0,2,7,0,0.000000
2,3,0,1,0,3,7,0,0.000000
2,3,0,1,3,0,6,1,0.620420
2,3,0,1,4,0,6,1,0.083602
2,3,0,2,0,0,7,0,0.199000
2,3,0,2,0,1,7,0,0.066333
2,3,0,2,0,2,7,0,0.000000
2,3,0,3,0,0,7,0,0.199000
2,3,0,3,0,1,7,0,0.066333
2,3,0,4,0,0,7,0,0.199000
2,3,1,0,0,0,7,0,0.298500
2,3,1,0,0,1,5,0,0.550449
2,3,1,0,0,1,7,0,0.149250
2,3,1,0,0,2,7,0,0.049750
2,3,1,0,0,3,7,0,0.000000
2,3,1,0,0,4,7,0,0.000000
2,3,1,0,1,0,6,1,0.044977
2,3,1,0,2,0,6,1,0.081297
2,3,1,0,3,0,6,1,0.110757
2,3,1,1,0,0,5,0,0.770210
2,3,1,1,0,0,7,0,0.298500
2,3,1,1,0,1,7,0,0.149250
2,3,1,1,0,2,7,0,0.049750
2,3,1,1,0,3,7,0,0.000000
2,3,1,1,2,0,6,1,-0.950910
2,3,1,1,3,0,6,1,0.148504
2,3,1,2,0,0,7,0,0.298500
2,3,1,2,0,1,7,0,0.149250
2,3,1,2,0,2,7,0,0.049750
2,3,1,3,0,0,7,0,0.298500
2,3,1,3,0,1,7,0,0.149250
2,3,1,4,0,0,7,0,0.298500
2,3,2,0,0,0,6,1,0.026013
2,3,2,0,0,0,7,0,0.398000
2,3,2,0,0,1,7,0,0.238800
2,3,2,0,0,2,7,0,0.119400
2,3,2,0,0,3,7,0,0.039800
2,3,2,0,0,4,7,0,0.000000
2,3,2,0,1,0,6,1,-0.146897
2,3,2,0,2,0,6,1,0.257406
2,3,2,1,0,0,7,0,0.398000
2,3,2,1,0,1,7,0,0.238800
2,3,2,1,0,2,7,0,0.119400
2,3,2,1,0,3,7,0,0.039800
2,3,2,1,1,0,6,1,-0.929717
2,3,2,1,2,0,6,1,-0.629767
2,3,2,2,0,0,7,0,0.398000
2,3,2,2,0,1,7,0,0.238800
2,3,2,2,0,2,7,0,0.119400
2,3,2,3,0,0,7,0,0.398000
2,3,2,3,0,1,7,0,0.238800
2,3,2,4,0,0,7,0,0.398000
2,3,3,0,0,0,6,1,-0.179411
2,3,3,0,0,0,7,0,0.986728
2,3,3,0,0,1,7,0,0.331667
2,3,3,0,0,2,7,0,0.199000
2,3,3,0,0,3,7,0,0.099500
2,3,3,0,0,4,7,0,0.033167
2,3,3,0,1,0,6,1,-0.109618
2,3,3,1,0,0,6,1,-0.920454
2,3,3,1,0,0,7,0,0.497500
2,3,3,1,0,1,7,0,0.331667
2,3,3,1,0,2,7,0,0.199000
2,3,3,1,0,3,7,0,0.099500
2,3,3,1,1,0,6,1,-0.581429
2,3,3,2,0,0,7,0,0.497500
2,3,3,2,0,1,7,0,0.331667
2,3,3,2,0,2,7,0,0.199000
2,3,3,3,0,0,7,0,0.497500
2,3,3,3,0,1,7,0,0.331667
2,3,3,4,0,0,7,0,0.497500
2,3,4,0,0,0,6,1,-0.091588
2,3,4,0,0,0,7,0,0.994964
2,3,4,0,0,1,7,0,0.994915
2,3,4,0,0,2,7,0,0.284286
2,3,4,0,0,3,7,0,0.170571
2,3,4,0,0,4,7,0,0.085286
2,3,4,1,0,0,6,1,-0.607439
2,3,4,1,0,0,7,0,0.994936
2,3,4,1,0,1,7,0,0.426429
2,3,4,1,0,2,7,0,0.284286
2,3,4,1,0,3,7,0,0.170571
2,3,4,2,0,0,7,0,0.568571
2,3,4,2,0,1,7,0,0.426429
2,3,4,2,0,2,7,0,0.284286
2,3,4,3,0,0,7,0,0.568571
2,3,4,3,0,1,7,0,0.426429
2,3,4,4,0,0,7,0,0.568571
2,4,0,0,0,0,5,0,0.395247
2,4,0,0,0,0,7,0,0.066333
2,4,0,0,0,1,7,0,0.000000
2,4,0,0,0,2,7,0,0.000000
2,4,0,0,0,3,7,0,0.000000
2,4,0,0,0,4,7,0,0.000000
2,4,0,0,3,0,6,1,0.239725
2,4,0,0,4,0,6,1,0.011198
2,4,0,0,5,0,6,1,0.017664
2,4,0,1,0,0,7,0,0.066333
2,4,0,1,0,1,7,0,0.000000
2,4,0,1,0,2,7,0,0.000000
2,4,0,1,0,3,7,0,0.000000
2,4,0,1,4,0,6,1,0.484078
2,4,0,1,5,0,6,1,0.026051
2,4,0,2,0,0,7,0,0.066333
2,4,0,2,0,1,7,0,0.000000
2,4,0,2,0,2,7,0,0.000000
2,4,0,3,0,0,7,0,0.066333
2,4,0,3,0,1,7,0,0.000000
2,4,0,4,0,0,7,0,0.066333
2,4,1,0,0,0,5,0,0.976904
2,4,1,0,0,0,7,0,0.149250
2,4,1,0,0,1,5,0,0.430532
2,4,1,0,0,1,7,0,0.049750
2,4,1,0,0,2,7,0,0.000000
2,4,1,0,0,3,7,0,0.000000
2,4,1,0,0,4,7,0,0.000000
2,4,1,0,2,0,6,1,0.364968
2,4,1,0,3,0,6,1,0.029845
2,4,1,0,4,0,6,1,0.074252
2,4,1,1,0,0,5,0,0.583497
2,4,1,1,0,0,7,0,0.149250
2,4,1,1,0,1,7,0,0.049750
2,4,1,1,0,2,7,0,0.000000
2,4,1,1,0,3,7,0,0.000000
2,4,1,1,3,0,6,1,0.672742
2,4,1,1,4,0,6,1,0.080276
2,4,1,2,0,0,7,0,0.149250
2,4,1,2,0,1,7,0,0.049750
2,4,1,2,0,2,7,0,0.000000
2,4,1,3,0,0,7,0,0.149250
2,4,1,3,0,1,7,0,0.049750
2,4,1,4,0,0,7,0,0.149250
2,4,2,0,0,0,5,0,0.980661
2,4,2,0,0,0,7,0,0.238800
2,4,2,0,0,1,5,0,0.597391
2,4,2,0,0,1,7,0,0.119400
2,4,2,0,0,2,7,0,0.039800
2,4,2,0,0,3,7,0,0.000000
2,4,2,0,0,4,7,0,0.000000
2,4,2,0,1,0,6,1,-0.992428
2,4,2,0,2,0,6,1,0.062738
2,4,2,0,3,0,6,1,0.138604
2,4,2,1,0,0,5,0,0.643063
2,4,2,1,0,0,7,0,0.238800
2,4,2,1,0,1,7,0,0.119400
2,4,2,1,0,2,7,0,0.039800
2,4,2,1,0,3,7,0,0.000000
2,4,2,1,2,0,6,1,-0.994904
2,4,2,1,3,0,6,1,0.325869
2,4,2,2,0,0,7,0,0.238800
2,4,2,2,0,1,7,0,0.119400
2,4,2,2,0,2,7,0,0.039800
2,4,2,3,0,0,7,0,0.238800
2,4,2,3,0,1,7,0,0.119400
2,4,2,4,0,0,7,0,0.238800
2,4,3,0,0,0,6,1,-0.992852
2,4,3,0,0,0,7,0,0.331667
2,4,3,0,0,1,7,0,0.199000
2,4,3,0,0,2,7,0,0.099500
2,4,3,0,0,3,7,0,0.033167
2,4,3,0,0,4,7,0,0.000000
2,4,3,0,1,0,6,1,-0.067172
2,4,3,0,2,0,6,1,0.214505
2,4,3,1,0,0,7,0,0.331667
2,4,3,1,0,1,7,0,0.199000
2,4,3,1,0,2,7,0,0.099500
2,4,3,1,0,3,7,0,0.033167
2,4,3,1,1,0,6,1,-0.994928
2,4,3,1,2,0,6,1,-0.538742
2,4,3,2,0,0,7,0,0.331667
2,4,3,2,0,1,7,0,0.199000
2,4,3,2,0,2,7,0,0.099500
2,4,3,3,0,0,7,0,0.331667
2,4,3,3,0,1,7,0,0.199000
2,4,3,4,0,0,7,0,0.331667
2,4,4,0,0,0,6,1,-0.211451
2,4,4,0,0,0,7,0,0.564316
2,4,4,0,0,1,7,0,0.284286
2,4,4,0,0,2,7,0,0.170571
2,4,4,0,0,3,7,0,0.085286
2,4,4,0,0,4,7,0,0.028429
2,4,4,0,1,0,6,1,0.105331
2,4,4,1,0,0,6,1,-0.994942
2,4,4,1,0,0,7,0,0.426429
2,4,4,1,0,1,7,0,0.284286
2,4,4,1,0,2,7,0,0.170571
2,4,4,1,0,3,7,0,0.085286
2,4,4,1,1,0,6,1,-0.517586
2,4,4,2,0,0,7,0,0.426429
2,4,4,2,0,1,7,0,0.284286
2,4,4,2,0,2,7,0,0.170571
2,4,4,3,0,0,7,0,0.426429
2,4,4,3,0,1,7,0,0.284286
2,4,4,4,0,0,7,0,0.426429
2,5,0,0,0,0,7,0,0.000000
2,5,0,0,0,1,7,0,0.000000
2,5,0,0,0,2,7,0,0.000000
2,5,0,0,0,3,7,0,0.000000
2,5,0,0,0,4,7,0,0.000000
2,5,0,0,4,0,6,1,0.000000
2,5,0,0,5,0,6,1,0.000000
2,5,0,0,6,0,6,1,0.000000
2,5,0,1,0,0,7,0,0.000000
2,5,0,1,0,1,7,0,0.000000
2,5,0,1,0,2,7,0,0.000000
2,5,0,1,0,3,7,0,0.000000
2,5,0,1,5,0,6,1,0.000000
2,5,0,1,6,0,6,1,0.000000
2,5,0,2,0,0,7,0,0.000000
2,5,0,2,0,1,7,0,0.000000
2,5,0,2,0,2,7,0,0.000000
2,5,0,3,0,0,7,0,0.000000
2,5,0,3,0,1,7,0,0.000000
2,5,0,4,0,0,7,0,0.000000
2,5,1,0,0,0,5,0,0.058627
2,5,1,0,0,0,7,0,0.049750
2,5,1,0,0,1,7,0,0.000000
2,5,1,0,0,2,7,0,0.000000
2,5,1,0,0,3,7,0,0.000000
2,5,1,0,0,4,7,0,0.000000
2,5,1,0,3,0,6,1,0.000588
2,5,1,0,4,0,6,1,0.008399
2,5,1,0,5,0,6,1,0.005640
2,5,1,1,0,0,7,0,0.049750
2,5,1,1,0,1,7,0,0.000000
2,5,1,1,0,2,7,0,0.000000
2,5,1,1,0,3,7,0,0.000000
2,5,1,1,4,0,6,1,0.520171
2,5,1,1,5,0,6,1,0.017345
2,5,1,2,0,0,7,0,0.049750
2,5,1,2,0,1,7,0,0.000000
2,5,1,2,0,2,7,0,0.000000
2,5,1,3,0,0,7,0,0.049750
2,5,1,3,0,1,7,0,0.000000
2,5,1,4,0,0,7,0,0.049750
2,5,2,0,0,0,5,0,0.981868
2,5,2,0,0,0,7,0,0.119400
2,5,2,0,0,1,5,0,-0.355430
2,5,2,0,0,1,7,0,0.039800
2,5,2,0,0,2,7,0,0.000000
2,5,2,0,0,3,7,0,0.000000
2,5,2,0,0,4,7,0,0.000000
2,5,2,0,2,0,6,1,0.000845
2,5,2,0,3,0,6,1,0.025196
2,5,2,0,4,0,6,1,0.016920
2,5,2,1,0,0,5,0,0.337538
2,5,2,1,0,0,7,0,0.119400
2,5,2,1,0,1,7,0,0.039800
2,5,2,1,0,2,7,0,0.000000
2,5,2,1,0,3,7,0,0.000000
2,5,2,1,3,0,6,1,0.525306
2,5,2,1,4,0,6,1,0.045035
2,5,2,2,0,0,7,0,0.119400
2,5,2,2,0,1,7,0,0.039800
2,5,2,2,0,2,7,0,0.000000
2,5,2,3,0,0,7,0,0.119400
2,5,2,3,0,1,7,0,0.039800
2,5,2,4,0,0,7,0,0.119400
2,5,3,0,0,0,5,0,0.993159
2,5,3,0,0,0,7,0,0.199000
2,5,3,0,0,1,5,0,0.476829
2,5,3,0,0,1,7,0,0.099500
2,5,3,0,0,2,7,0,0.033167
2,5,3,0,0,3,7,0,0.000000
2,5,3,0,0,4,7,0,0.000000
2,5,3,0,1,0,6,1,0.179744
2,5,3,0,2,0,6,1,0.055870
2,5,3,0,3,0,6,1,0.115503
2,5,3,1,0,0,5,0,0.819628
2,5,3,1,0,0,7,0,0.199000
2,5,3,1,0,1,7,0,0.099500
2,5,3,1,0,2,7,0,0.033167
2,5,3,1,0,3,7,0,0.000000
2,5,3,1,2,0,6,1,-0.544734
2,5,3,1,3,0,6,1,0.313916
2,5,3,2,0,0,7,0,0.199000
2,5,3,2,0,1,7,0,0.099500
2,5,3,2,0,2,7,0,0.377884
2,5,3,3,0,0,7,0,0.199000
2,5,3,3,0,1,7,0,0.654564
2,5,3,4,0,0,7,0,0.692390
2,5,4,0,0,0,6,1,0.110527
2,5,4,0,0,0,7,0,0.284286
2,5,4,0,0,1,7,0,0.170571
2,5,4,0,0,2,7,0,0.085286
2,5,4,0,0,3,7,0,0.028429
2,5,4,0,0,4,7,0,0.000000
2,5,4,0,1,0,6,1,-0.068040
2,5,4,0,2,0,6,1,0.183862
2,5,4,1,0,0,7,0,0.284286
2,5,4,1,0,1,7,0,0.170571
2,5,4,1,0,2,7,0,0.085286
2,5,4,1,0,3,7,0,0.340122
2,5,4,1,1,0,6,1,-0.288169
2,5,4,1,2,0,6,1,-0.298765
2,5,4,2,0,0,7,0,0.284286
2,5,4,2,0,1,7,0,0.170571
2,5,4,2,0,2,7,0,0.696557
2,5,4,3,0,0,7,0,0.284286
2,5,4,3,0,1,7,0,0.745492
2,5,4,4,0,0,7,0,0.779907
3,1,0,0,0,0,6,1,-0.991120
3,1,0,0,0,1,7,0,0.894580
3,1,0,0,0,2,7,0,0.699174
3,1,0,0,0,3,7,0,0.066333
3,1,0,0,0,4,7,0,0.000000
3,1,0,0,0,5,7,0,0.000000
3,1,0,0,1,0,6,1,0.734194
3,1,0,0,2,0,6,1,0.703699
3,1,0,1,0,0,6,1,-0.994150
3,1,0,1,0,0,7,0,0.939211
3,1,0,1,0,1,7,0,0.894580
3,1,0,1,0,2,7,0,0.199000
3,1,0,1,0,3,7,0,0.066333
3,1,0,1,0,4,7,0,0.000000
3,1,0,1,1,0,6,1,-0.983659
3,1,0,1,2,0,6,1,0.731781
3,1,0,2,0,0,6,1,-0.918007
3,1,0,2,0,0,7,0,0.939211
3,1,0,2,0,1,7,0,0.398000
3,1,0,2,0,2,7,0,0.199000
3,1,0,2,0,3,7,0,0.246682
3,1,0,2,1,0,6,1,-0.994983
3,1,0,2,2,0,6,1,-0.993752
3,1,0,3,0,0,7,0,0.663333
3,1,0,3,0,1,7,0,0.398000
3,1,0,3,0,2,7,0,0.553479
3,1,0,4,0,0,7,0,0.663333
3,1,0,4,0,1,7,0,0.733822
3,1,1,0,0,0,6,1,-0.468552
3,1,1,0,0,2,7,0,0.866131
3,1,1,0,0,3,7,0,0.149250
3,1,1,0,0,4,7,0,0.049750
3,1,1,0,0,5,7,0,0.000000
3,1,1,0,1,0,6,1,0.890245
3,1,1,1,0,0,6,1,-0.984226
3,1,1,1,0,1,7,0,0.994745
3,1,1,1,0,2,7,0,0.298500
3,1,1,1,0,3,7,0,0.149250
3,1,1,1,0,4,7,0,0.049750
3,1,1,1,1,0,6,1,0.014715
3,1,1,2,0,0,6,1,-0.994987
3,1,1,2,0,0,7,0,0.994873
3,1,1,2,0,1,7,0,0.497500
3,1,1,2,0,2,7,0,0.298500
3,1,1,2,0,3,7,0,0.149250
3,1,1,2,1,0,6,1,-0.994208
3,1,1,3,0,0,7,0,0.746250
3,1,1,3,0,1,7,0,0.497500
3,1,1,3,0,2,7,0,0.298500
3,1,1,4,0,0,7,0,0.746250
3,1,1,4,0,1,7,0,0.497500
3,1,2,0,0,0,6,1,0.395454
3,1,2,0,0,3,7,0,0.238800
3,1,2,0,0,4,7,0,0.119400
3,1,2,0,0,5,7,0,0.039800
3,1,2,1,0,0,6,1,-0.071342
3,1,2,1,0,2,7,0,0.398000
3,1,2,1,0,3,7,0,0.238800
3,1,2,1,0,4,7,0,0.119400
3,1,2,2,0,0,6,1,-0.994349
3,1,2,2,0,1,7,0,0.597000
3,1,2,2,0,2,7,0,0.398000
3,1,2,2,0,3,7,0,0.238800
3,1,2,3,0,0,7,0,0.796000
3,1,2,3,0,1,7,0,0.597000
3,1,2,3,0,2,7,0,0.398000
3,1,2,4,0,0,7,0,0.796000
3,1,2,4,0,1,7,0,0.597000
3,2,0,0,0,0,4,1,0.288306
3,2,0,0,0,0,6,1,-0.707721
3,2,0,0,0,0,7,0,0.398000
3,2,0,0,0,1,7,0,0.199000
3,2,0,0,0,2,5,0,0.197558
3,2,0,0,0,2,7,0,0.066333
3,2,0,0,0,3,7,0,0.000000
3,2,0,0,0,4,7,0,0.000000
3,2,0,0,0,5,7,0,0.000000
3,2,0,0,1,0,6,1,0.111859
3,2,0,0,2,0,6,1,0.082471
3,2,0,0,3,0,6,1,0.012084
3,2,0,1,0,0,6,1,-0.775470
3,2,0,1,0,0,7,0,0.398000
3,2,0,1,0,1,5,0,0.206908
3,2,0,1,0,1,7,0,0.199000
3,2,0,1,0,2,7,0,0.066333
3,2,0,1,0,3,7,0,0.000000
3,2,0,1,0,4,7,0,0.000000
3,2,0,1,1,0,6,1,-0.994928
3,2,0,1,2,0,6,1,0.163924
3,2,0,1,3,0,6,1,0.149778
3,2,0,2,0,0,5,0,0.184549
3,2,0,2,0,0,6,1,-0.959482
3,2,0,2,0,0,7,0,0.398000
3,2,0,2,0,1,7,0,0.199000
3,2,0,2,0,2,7,0,0.066333
3,2,0,2,0,3,7,0,0.000000
3,2,0,2,1,0,6,1,-0.951200
3,2,0,2,2,0,6,1,-0.994976
3,2,0,2,3,0,6,1,0.387980
3,2,0,3,0,0,7,0,0.398000
3,2,0,3,0,1,7,0,0.199000
3,2,0,3,0,2,7,0,0.498137
3,2,0,4,0,0,7,0,0.398000
3,2,0,4,0,1,7,0,0.799940
3,2,1,0,0,0,6,1,-0.894770
3,2,1,0,0,0,7,0,0.993407
3,2,1,0,0,1,7,0,0.298500
3,2,1,0,0,2,7,0,0.149250
3,2,1,0,0,3,7,0,0.049750
3,2,1,0,0,4,7,0,0.000000
3,2,1,0,0,5,7,0,0.000000
3,2,1,0,1,0,6,1,0.159078
3,2,1,0,2,0,6,1,0.207024
3,2,1,1,0,0,6,1,-0.994935
3,2,1,1,0,0,7,0,0.497500
3,2,1,1,0,1,7,0,0.298500
3,2,1,1,0,2,7,0,0.149250
3,2,1,1,0,3,7,0,0.049750
3,2,1,1,0,4,7,0,0.000000
3,2,1,1,1,0,6,1,-0.906696
3,2,1,1,2,0,6,1,0.157734
3,2,1,2,0,0,6,1,-0.962517
3,2,1,2,0,0,7,0,0.497500
3,2,1,2,0,1,7,0,0.298500
3,2,1,2,0,2,7,0,0.149250
3,2,1,2,0,3,7,0,0.343824
3,2,1,2,1,0,6,1,-0.994983
3,2,1,2,2,0,6,1,-0.989739
3,2,1,3,0,0,7,0,0.497500
3,2,1,3,0,1,7,0,0.298500
3,2,1,3,0,2,7,0,0.687563
3,2,1,4,0,0,7,0,0.497500
3,2,1,4,0,1,7,0,0.741817
3,2,2,0,0,0,6,1,-0.467244
3,2,2,0,0,0,7,0,0.994396
3,2,2,0,0,1,7,0,0.993437
3,2,2,0,0,2,7,0,0.724222
3,2,2,0,0,3,7,0,0.119400
3,2,2,0,0,4,7,0,0.039800
3,2,2,0,0,5,7,0,0.000000
3,2,2,0,1,0,6,1,0.719702
3,2,2,1,0,0,6,1,-0.885826
3,2,2,1,0,0,7,0,0.993958
3,2,2,1,0,1,7,0,0.936830
3,2,2,1,0,2,7,0,0.238800
3,2,2,1,0,3,7,0,0.119400
3,2,2,1,0,4,7,0,0.039800
3,2,2,1,1,0,6,1,-0.425747
3,2,2,2,0,0,6,1,-0.994986
3,2,2,2,0,0,7,0,0.956220
3,2,2,2,0,1,7,0,0.398000
3,2,2,2,0,2,7,0,0.238800
3,2,2,2,0,3,7,0,0.119400
3,2,2,2,1,0,6,1,-0.989551
3,2,2,3,0,0,7,0,0.597000
3,2,2,3,0,1,7,0,0.398000
3,2,2,3,0,2,7,0,0.238800
3,2,2,4,0,0,7,0,0.597000
3,2,2,4,0,1,7,0,0.398000
3,2,3,0,0,0,6,1,0.289951
3,2,3,0,0,1,7,0,0.994820
3,2,3,0,0,2,7,0,0.994668
3,2,3,0,0,3,7,0,0.199000
3,2,3,0,0,4,7,0,0.099500
3,2,3,0,0,5,7,0,0.390028
3,2,3,1,0,0,6,1,-0.494032
3,2,3,1,0,0,7,0,0.994880
3,2,3,1,0,1,7,0,0.994751
3,2,3,1,0,2,7,0,0.331667
3,2,3,1,0,3,7,0,0.199000
3,2,3,1,0,4,7,0,0.827411
3,2,3,2,0,0,6,1,-0.985995
3,2,3,2,0,0,7,0,0.994834
3,2,3,2,0,1,7,0,0.497500
3,2,3,2,0,2,7,0,0.331667
3,2,3,2,0,3,7,0,0.988987
3,2,3,3,0,0,7,0,0.663333
3,2,3,3,0,1,7,0,0.497500
3,2,3,3,0,2,7,0,0.989989
3,2,3,4,0,0,7,0,0.663333
3,2,3,4,0,1,7,0,0.991242
3,3,0,0,0,0,6,1,-0.268272
3,3,0,0,0,0,7,0,0.199000
3,3,0,0,0,1,5,0,-0.102215
3,3,0,0,0,1,7,0,0.066333
3,3,0,0,0,2,5,0,0.406520
3,3,0,0,0,2,7,0,0.000000
3,3,0,0,0,3,7,0,0.000000
3,3,0,0,0,4,7,0,0.000000
3,3,0,0,0,5,7,0,0.000000
3,3,0,0,1,0,4,1,0.243438
3,3,0,0,1,0,6,1,0.000991
3,3,0,0,2,0,6,1,0.017779
3,3,0,0,3,0,6,1,0.036177
3,3,0,0,4,0,6,1,0.063872
3,3,0,1,0,0,5,0,-0.162726
3,3,0,1,0,0,6,1,-0.862681
3,3,0,1,0,0,7,0,0.199000
3,3,0,1,0,1,5,0,0.137830
3,3,0,1,0,1,7,0,0.066333
3,3,0,1,0,2,7,0,0.000000
3,3,0,1,0,3,7,0,0.000000
3,3,0,1,0,4,7,0,0.000000
3,3,0,1,1,0,6,1,-0.915435
3,3,0,1,2,0,6,1,0.000461
3,3,0,1,3,0,6,1,0.145133
3,3,0,1,4,0,6,1,0.083602
3,3,0,2,0,0,5,0,0.114292
3,3,0,2,0,0,7,0,0.199000
3,3,0,2,0,1,7,0,0.066333
3,3,0,2,0,2,7,0,0.000000
3,3,0,2,0,3,7,0,0.000000
3,3,0,2,1,0,6,1,-0.876197
3,3,0,2,2,0,6,1,-0.914485
3,3,0,2,3,0,6,1,0.014516
3,3,0,2,4,0,6,1,0.240515
3,3,0,3,0,0,7,0,0.199000
3,3,0,3,0,1,7,0,0.066333
3,3,0,3,0,2,7,0,0.000000
3,3,0,4,0,0,7,0,0.199000
3,3,0,4,0,1,7,0,0.965891
3,3,1,0,0,0,4,1,0.381142
3,3,1,0,0,0,6,1,-0.071156
3,3,1,0,0,0,7,0,0.298500
3,3,1,0,0,1,7,0,0.149250
3,3,1,0,0,2,5,0,0.283917
3,3,1,0,0,2,7,0,0.049750
3,3,1,0,0,3,7,0,0.000000
3,3,1,0,0,4,7,0,0.000000
3,3,1,0,0,5,7,0,0.000000
3,3,1,0,1,0,6,1,0.083517
3,3,1,0,2,0,6,1,0.076188
3,3,1,0,3,0,6,1,0.108965
3,3,1,1,0,0,6,1,-0.942292
3,3,1,1,0,0,7,0,0.298500
3,3,1,1,0,1,5,0,0.197006
3,3,1,1,0,1,7,0,0.149250
3,3,1,1,0,2,7,0,0.049750
3,3,1,1,0,3,7,0,0.000000
3,3,1,1,0,4,7,0,0.000000
3,3,1,1,1,0,6,1,-0.092943
3,3,1,1,2,0,6,1,0.147591
3,3,1,1,3,0,6,1,0.148504
3,3,1,2,0,0,5,0,0.304350
3,3,1,2,0,0,6,1,-0.956358
3,3,1,2,0,0,7,0,0.298500
3,3,1,2,0,1,7,0,0.149250
3,3,1,2,0,2,7,0,0.049750
3,3,1,2,0,3,7,0,0.000000
3,3,1,2,1,0,6,1,-0.954970
3,3,1,2,2,0,6,1,-0.994977
3,3,1,2,3,0,6,1,0.353590
3,3,1,3,0,0,7,0,0.298500
3,3,1,3,0,1,7,0,0.149250
3,3,1,3,0,2,7,0,0.498515
3,3,1,4,0,0,7,0,0.298500
3,3,1,4,0,1,7,0,0.801906
3,3,2,0,0,0,6,1,-0.909972
3,3,2,0,0,0,7,0,0.964219
3,3,2,0,0,1,7,0,0.238800
3,3,2,0,0,2,7,0,0.119400
3,3,2,0,0,3,7,0,0.039800
3,3,2,0,0,4,7,0,0.000000
3,3,2,0,0,5,7,0,0.000000
3,3,2,0,1,0,6,1,0.139796
3,3,2,0,2,0,6,1,0.257407
3,3,2,1,0,0,6,1,0.000594
3,3,2,1,0,0,7,0,0.398000
3,3,2,1,0,1,7,0,0.238800
3,3,2,1,0,2,7,0,0.119400
3,3,2,1,0,3,7,0,0.039800
3,3,2,1,0,4,7,0,0.000000
3,3,2,1,1,0,6,1,-0.630618
3,3,2,1,2,0,6,1,0.172950
3,3,2,2,0,0,6,1,-0.961040
3,3,2,2,0,0,7,0,0.398000
3,3,2,2,0,1,7,0,0.238800
3,3,2,2,0,2,7,0,0.119400
3,3,2,2,0,3,7,0,0.039800
3,3,2,2,1,0,6,1,-0.994982
3,3,2,2,2,0,6,1,-0.673732
3,3,2,3,0,0,7,0,0.398000
3,3,2,3,0,1,7,0,0.238800
3,3,2,3,0,2,7,0,0.119400
3,3,2,4,0,0,7,0,0.398000
3,3,2,4,0,1,7,0,0.238800
3,3,3,0,0,0,6,1,0.160756
3,3,3,0,0,0,7,0,0.994858
3,3,3,0,0,1,7,0,0.928666
3,3,3,0,0,2,7,0,0.199000
3,3,3,0,0,3,7,0,0.099500
3,3,3,0,0,4,7,0,0.033167
3,3,3,0,0,5,7,0,0.000000
3,3,3,0,1,0,6,1,0.346509
3,3,3,1,0,0,6,1,-0.451990
3,3,3,1,0,0,7,0,0.986728
3,3,3,1,0,1,7,0,0.331667
3,3,3,1,0,2,7,0,0.199000
3,3,3,1,0,3,7,0,0.099500
3,3,3,1,0,4,7,0,0.418810
3,3,3,1,1,0,6,1,-0.424923
3,3,3,2,0,0,6,1,-0.994985
3,3,3,2,0,0,7,0,0.497500
3,3,3,2,0,1,7,0,0.331667
3,3,3,2,0,2,7,0,0.199000
3,3,3,2,0,3,7,0,0.780278
3,3,3,2,1,0,6,1,-0.695980
3,3,3,3,0,0,7,0,0.497500
3,3,3,3,0,1,7,0,0.331667
3,3,3,3,0,2,7,0,0.932370
3,3,3,4,0,0,7,0,0.497500
3,3,3,4,0,1,7,0,0.942808
3,3,4,0,0,0,6,1,0.271052
3,3,4,0,0,1,7,0,0.994951
3,3,4,0,0,2,7,0,0.994894
3,3,4,0,0,3,7,0,0.170571
3,3,4,0,0,4,7,0,0.085286
3,3,4,0,0,5,7,0,0.399246
3,3,4,1,0,0,6,1,-0.487056
3,3,4,1,0,0,7,0,0.994964
3,3,4,1,0,1,7,0,0.994915
3,3,4,1,0,2,7,0,0.284286
3,3,4,1,0,3,7,0,0.170571
3,3,4,1,0,4,7,0,0.820904
3,3,4,2,0,0,6,1,-0.480054
3,3,4,2,0,0,7,0,0.994936
3,3,4,2,0,1,7,0,0.426429
3,3,4,2,0,2,7,0,0.284286
3,3,4,2,0,3,7,0,0.993384
3,3,4,3,0,0,7,0,0.568571
3,3,4,3,0,1,7,0,0.426429
3,3,4,3,0,2,7,0,0.993607
3,3,4,4,0,0,7,0,0.568571
3,3,4,4,0,1,7,0,0.993885
3,4,0,0,0,0,3,0,0.356509
3,4,0,0,0,0,5,0,-0.114016
3,4,0,0,0,0,6,1,-0.425842
3,4,0,0,0,0,7,0,0.066333
3,4,0,0,0,1,5,0,0.349453
3,4,0,0,0,1,7,0,0.000000
3,4,0,0,0,2,5,0,0.176085
3,4,0,0,0,2,7,0,0.000000
3,4,0,0,0,3,7,0,0.000000
3,4,0,0,0,4,7,0,0.000000
3,4,0,0,0,5,7,0,0.000000
3,4,0,0,1,0,6,1,0.166969
3,4,0,0,2,0,4,1,0.129318
3,4,0,0,2,0,6,1,0.000354
3,4,0,0,3,0,6,1,0.006983
3,4,0,0,4,0,6,1,0.009647
3,4,0,0,5,0,6,1,0.006479
3,4,0,1,0,0,5,0,0.034793
3,4,0,1,0,0,7,0,0.066333
3,4,0,1,0,1,5,0,0.179425
3,4,0,1,0,1,7,0,0.000000
3,4,0,1,0,2,7,0,0.000000
3,4,0,1,0,3,7,0,0.000000
3,4,0,1,0,4,7,0,0.000000
3,4,0,1,1,0,6,1,-0.696298
3,4,0,1,2,0,6,1,0.081713
3,4,0,1,3,0,6,1,0.000434
3,4,0,1,4,0,6,1,0.000216
3,4,0,1,5,0,6,1,0.022001
3,4,0,2,0,0,5,0,0.053823
3,4,0,2,0,0,7,0,0.066333
3,4,0,2,0,1,7,0,0.000000
3,4,0,2,0,2,7,0,0.000000
3,4,0,2,0,3,7,0,0.000000
3,4,0,2,2,0,6,1,-0.736799
3,4,0,2,3,0,6,1,0.069751
3,4,0,2,4,0,6,1,0.079813
3,4,0,2,5,0,6,1,0.098599
3,4,0,3,0,0,7,0,0.066333
3,4,0,3,0,1,7,0,0.000000
3,4,0,3,0,2,7,0,0.000000
3,4,0,4,0,0,7,0,0.066333
3,4,0,4,0,1,7,0,0.000000
3,4,1,0,0,0,5,0,0.853709
3,4,1,0,0,0,6,1,-0.000960
3,4,1,0,0,0,7,0,0.149250
3,4,1,0,0,1,5,0,0.182250
3,4,1,0,0,1,7,0,0.049750
3,4,1,0,0,2,5,0,0.327909
3,4,1,0,0,2,7,0,0.000000
3,4,1,0,0,3,7,0,0.000000
3,4,1,0,0,4,7,0,0.000000
3,4,1,0,0,5,7,0,0.000000
3,4,1,0,1,0,4,1,0.215651
3,4,1,0,1,0,6,1,0.000552
3,4,1,0,2,0,6,1,0.017503
3,4,1,0,3,0,6,1,0.027133
3,4,1,0,4,0,6,1,0.018221
3,4,1,1,0,0,5,0,0.027735
3,4,1,1,0,0,6,1,-0.947255
3,4,1,1,0,0,7,0,0.149250
3,4,1,1,0,1,5,0,0.051668
3,4,1,1,0,1,7,0,0.049750
3,4,1,1,0,2,7,0,0.000000
3,4,1,1,0,3,7,0,0.000000
3,4,1,1,0,4,7,0,0.000000
3,4,1,1,1,0,6,1,-0.185474
3,4,1,1,2,0,6,1,0.168514
3,4,1,1,3,0,6,1,0.129551
3,4,1,1,4,0,6,1,0.062702
3,4,1,2,0,0,5,0,0.084330
3,4,1,2,0,0,7,0,0.149250
3,4,1,2,0,1,7,0,0.049750
3,4,1,2,0,2,7,0,0.000000
3,4,1,2,0,3,7,0,0.000000
3,4,1,2,1,0,6,1,-0.941800
3,4,1,2,2,0,6,1,-0.044545
3,4,1,2,3,0,6,1,0.080302
3,4,1,2,4,0,6,1,0.101338
3,4,1,3,0,0,7,0,0.149250
3,4,1,3,0,1,7,0,0.049750
3,4,1,3,0,2,7,0,0.000000
3,4,1,4,0,0,7,0,0.149250
3,4,1,4,0,1,7,0,0.976655
3,4,2,0,0,0,4,1,0.395435
3,4,2,0,0,0,5,0,0.988958
3,4,2,0,0,0,6,1,0.000497
3,4,2,0,0,0,7,0,0.238800
3,4,2,0,0,1,5,0,0.861812
3,4,2,0,0,1,7,0,0.119400
3,4,2,0,0,2,5,0,0.211611
3,4,2,0,0,2,7,0,0.039800
3,4,2,0,0,3,7,0,0.000000
3,4,2,0,0,4,7,0,0.000000
3,4,2,0,0,5,7,0,0.000000
3,4,2,0,1,0,6,1,0.021116
3,4,2,0,2,0,6,1,0.060852
3,4,2,0,3,0,6,1,0.045364
3,4,2,1,0,0,5,0,0.935720
3,4,2,1,0,0,6,1,-0.079262
3,4,2,1,0,0,7,0,0.238800
3,4,2,1,0,1,5,0,0.196480
3,4,2,1,0,1,7,0,0.119400
3,4,2,1,0,2,7,0,0.039800
3,4,2,1,0,3,7,0,0.000000
3,4,2,1,0,4,7,0,0.000000
3,4,2,1,1,0,6,1,-0.195460
3,4,2,1,2,0,6,1,0.129206
3,4,2,1,3,0,6,1,0.099253
3,4,2,2,0,0,5,0,0.323326
3,4,2,2,0,0,6,1,-0.954652
3,4,2,2,0,0,7,0,0.238800
3,4,2,2,0,1,7,0,0.119400
3,4,2,2,0,2,7,0,0.039800
3,4,2,2,0,3,7,0,0.000000
3,4,2,2,1,0,6,1,-0.219700
3,4,2,2,2,0,6,1,-0.082668
3,4,2,2,3,0,6,1,0.102066
3,4,2,3,0,0,7,0,0.238800
3,4,2,3,0,1,7,0,0.119400
3,4,2,3,0,2,7,0,0.520113
3,4,2,4,0,0,7,0,0.238800
3,4,2,4,0,1,7,0,0.855928
3,4,3,0,0,0,6,1,-0.020279
3,4,3,0,0,0,7,0,0.331667
3,4,3,0,0,1,7,0,0.199000
3,4,3,0,0,2,7,0,0.099500
3,4,3,0,0,3,7,0,0.033167
3,4,3,0,0,4,7,0,0.000000
3,4,3,0,0,5,7,0,0.000000
3,4,3,0,1,0,6,1,0.116332
3,4,3,0,2,0,6,1,0.198208
3,4,3,1,0,0,6,1,-0.243355
3,4,3,1,0,0,7,0,0.331667
3,4,3,1,0,1,7,0,0.199000
3,4,3,1,0,2,7,0,0.099500
3,4,3,1,0,3,7,0,0.033167
3,4,3,1,0,4,7,0,0.000000
3,4,3,1,1,0,6,1,-0.635456
3,4,3,1,2,0,6,1,0.109954
3,4,3,2,0,0,6,1,-0.451529
3,4,3,2,0,0,7,0,0.331667
3,4,3,2,0,1,7,0,0.199000
3,4,3,2,0,2,7,0,0.099500
3,4,3,2,0,3,7,0,0.033167
3,4,3,2,1,0,6,1,-0.195145
3,4,3,2,2,0,6,1,-0.595232
3,4,3,3,0,0,7,0,0.331667
3,4,3,3,0,1,7,0,0.199000
3,4,3,3,0,2,7,0,0.099500
3,4,3,4,0,0,7,0,0.331667
3,4,3,4,0,1,7,0,0.199000
3,4,4,0,0,0,6,1,0.132384
3,4,4,0,0,0,7,0,0.953663
3,4,4,0,0,1,7,0,0.441936
3,4,4,0,0,2,7,0,0.170571
3,4,4,0,0,3,7,0,0.085286
3,4,4,0,0,4,7,0,0.028429
3,4,4,0,0,5,7,0,0.000000
3,4,4,0,1,0,6,1,0.297007
3,4,4,1,0,0,6,1,-0.389216
3,4,4,1,0,0,7,0,0.564316
3,4,4,1,0,1,7,0,0.284286
3,4,4,1,0,2,7,0,0.170571
3,4,4,1,0,3,7,0,0.085286
3,4,4,1,0,4,7,0,0.433158
3,4,4,1,1,0,6,1,0.129630
3,4,4,2,0,0,6,1,-0.479505
3,4,4,2,0,0,7,0,0.426429
3,4,4,2,0,1,7,0,0.284286
3,4,4,2,0,2,7,0,0.170571
3,4,4,2,0,3,7,0,0.835470
3,4,4,2,1,0,6,1,-0.589275
3,4,4,3,0,0,7,0,0.426429
3,4,4,3,0,1,7,0,0.284286
3,4,4,3,0,2,7,0,0.916598
3,4,4,4,0,0,7,0,0.426429
3,4,4,4,0,1,7,0,0.927412
3,5,0,0,0,0,5,0,0.010922
3,5,0,0,0,0,7,0,0.000000
3,5,0,0,0,1,5,0,0.098775
3,5,0,0,0,1,7,0,0.000000
3,5,0,0,0,2,5,0,0.055209
3,5,0,0,0,2,7,0,0.000000
3,5,0,0,0,3,7,0,0.000000
3,5,0,0,0,4,7,0,0.000000
3,5,0,0,0,5,7,0,0.000000
3,5,0,0,1,0,6,1,0.000000
3,5,0,0,2,0,6,1,0.000000
3,5,0,0,3,0,4,1,-0.241851
3,5,0,0,3,0,6,1,0.000000
3,5,0,0,4,0,6,1,0.000000
3,5,0,0,5,0,6,1,0.000000
3,5,0,0,6,0,6,1,0.000000
3,5,0,1,0,0,5,0,-0.132002
3,5,0,1,0,0,7,0,0.000000
3,5,0,1,0,1,5,0,-0.093067
3,5,0,1,0,1,7,0,0.000000
3,5,0,1,0,2,7,0,0.000000
3,5,0,1,0,3,7,0,0.000000
3,5,0,1,0,4,7,0,0.000000
3,5,0,1,2,0,6,1,0.000000
3,5,0,1,3,0,6,1,0.000000
3,5,0,1,4,0,6,1,0.000000
3,5,0,1,5,0,6,1,0.000000
3,5,0,1,6,0,6,1,0.000000
3,5,0,2,0,0,5,0,-0.539593
3,5,0,2,0,0,7,0,0.000000
3,5,0,2,0,1,7,0,0.000000
3,5,0,2,0,2,7,0,0.000000
3,5,0,2,0,3,7,0,0.000000
3,5,0,2,3,0,6,1,0.000000
3,5,0,2,4,0,6,1,0.000000
3,5,0,2,5,0,6,1,0.000000
3,5,0,2,6,0,6,1,0.000000
3,5,0,3,0,0,7,0,0.000000
3,5,0,3,0,1,7,0,0.000000
3,5,0,3,0,2,7,0,0.000000
3,5,0,4,0,0,7,0,0.000000
3,5,0,4,0,1,7,0,0.000000
3,5,1,0,0,0,3,0,0.249267
3,5,1,0,0,0,5,0,-0.147917
3,5,1,0,0,0,6,1,-0.551333
3,5,1,0,0,0,7,0,0.049750
3,5,1,0,0,1,5,0,0.292663
3,5,1,0,0,1,7,0,0.000000
3,5,1,0,0,2,5,0,0.144590
3,5,1,0,0,2,7,0,0.000000
3,5,1,0,0,3,7,0,0.000000
3,5,1,0,0,4,7,0,0.000000
3,5,1,0,0,5,7,0,0.000000
3,5,1,0,1,0,6,1,0.143572
3,5,1,0,2,0,4,1,0.118507
3,5,1,0,2,0,6,1,0.000312
3,5,1,0,3,0,6,1,0.008981
3,5,1,0,4,0,6,1,0.013268
3,5,1,0,5,0,6,1,0.010157
3,5,1,1,0,0,5,0,0.027353
3,5,1,1,0,0,7,0,0.049750
3,5,1,1,0,1,5,0,0.159202
3,5,1,1,0,1,7,0,0.000000
3,5,1,1,0,2,7,0,0.000000
3,5,1,1,0,3,7,0,0.000000
3,5,1,1,0,4,7,0,0.000000
3,5,1,1,1,0,6,1,-0.716046
3,5,1,1,2,0,6,1,0.225516
3,5,1,1,3,0,6,1,0.121983
3,5,1,1,4,0,6,1,0.040260
3,5,1,1,5,0,6,1,0.002382
3,5,1,2,0,0,5,0,0.052817
3,5,1,2,0,0,7,0,0.049750
3,5,1,2,0,1,7,0,0.000000
3,5,1,2,0,2,7,0,0.000000
3,5,1,2,0,3,7,0,0.000000
3,5,1,2,2,0,6,1,-0.497632
3,5,1,2,3,0,6,1,0.201274
3,5,1,2,4,0,6,1,0.136195
3,5,1,2,5,0,6,1,0.012057
3,5,1,3,0,0,7,0,0.049750
3,5,1,3,0,1,7,0,0.000000
3,5,1,3,0,2,7,0,0.000000
3,5,1,4,0,0,7,0,0.049750
3,5,1,4,0,1,7,0,0.000000
3,5,2,0,0,0,5,0,0.951831
3,5,2,0,0,0,6,1,0.137424
3,5,2,0,0,0,7,0,0.119400
3,5,2,0,0,1,5,0,-0.254050
3,5,2,0,0,1,7,0,0.039800
3,5,2,0,0,2,5,0,-0.333509
3,5,2,0,0,2,7,0,0.000000
3,5,2,0,0,3,7,0,0.000000
3,5,2,0,0,4,7,0,0.000000
3,5,2,0,0,5,7,0,0.000000
3,5,2,0,1,0,4,1,0.159785
3,5,2,0,1,0,6,1,0.000501
3,5,2,0,2,0,6,1,0.025569
3,5,2,0,3,0,6,1,0.039803
3,5,2,0,4,0,6,1,0.030472
3,5,2,1,0,0,5,0,0.182648
3,5,2,1,0,0,6,1,-0.947955
3,5,2,1,0,0,7,0,0.119400
3,5,2,1,0,1,5,0,-0.484097
3,5,2,1,0,1,7,0,0.039800
3,5,2,1,0,2,7,0,0.000000
3,5,2,1,0,3,7,0,0.000000
3,5,2,1,0,4,7,0,0.000000
3,5,2,1,1,0,6,1,-0.107994
3,5,2,1,2,0,6,1,0.392173
3,5,2,1,3,0,6,1,0.042376
3,5,2,1,4,0,6,1,0.004186
3,5,2,2,0,0,5,0,0.102102
3,5,2,2,0,0,7,0,0.119400
3,5,2,2,0,1,7,0,0.039800
3,5,2,2,0,2,7,0,0.000000
3,5,2,2,0,3,7,0,0.000000
3,5,2,2,1,0,6,1,-0.908220
3,5,2,2,2,0,6,1,-0.080637
3,5,2,2,3,0,6,1,0.175306
3,5,2,2,4,0,6,1,0.022857
3,5,2,3,0,0,7,0,0.119400
3,5,2,3,0,1,7,0,0.039800
3,5,2,3,0,2,7,0,0.000000
3,5,2,4,0,0,7,0,0.119400
3,5,2,4,0,1,7,0,0.952211
3,5,3,0,0,0,4,1,0.329190
3,5,3,0,0,0,5,0,0.994157
3,5,3,0,0,0,6,1,0.000543
3,5,3,0,0,0,7,0,0.199000
3,5,3,0,0,1,5,0,0.970440
3,5,3,0,0,1,7,0,0.099500
3,5,3,0,0,2,5,0,0.273564
3,5,3,0,0,2,7,0,0.033167
3,5,3,0,0,3,7,0,0.000000
3,5,3,0,0,4,7,0,0.000000
3,5,3,0,0,5,7,0,0.000000
3,5,3,0,1,0,6,1,0.214077
3,5,3,0,2,0,6,1,0.052066
3,5,3,0,3,0,6,1,0.102762
3,5,3,1,0,0,5,0,0.985333
3,5,3,1,0,0,6,1,-0.268645
3,5,3,1,0,0,7,0,0.199000
3,5,3,1,0,1,5,0,0.170081
3,5,3,1,0,1,7,0,0.099500
3,5,3,1,0,2,7,0,0.033167
3,5,3,1,0,3,7,0,0.000000
3,5,3,1,0,4,7,0,0.000000
3,5,3,1,1,0,6,1,-0.311578
3,5,3,1,2,0,6,1,0.044860
3,5,3,1,3,0,6,1,0.010485
3,5,3,2,0,0,5,0,0.218229
3,5,3,2,0,0,6,1,-0.985700
3,5,3,2,0,0,7,0,0.199000
3,5,3,2,0,1,7,0,0.099500
3,5,3,2,0,2,7,0,0.033167
3,5,3,2,0,3,7,0,0.000000
3,5,3,2,1,0,6,1,-0.095335
3,5,3,2,2,0,6,1,-0.456080
3,5,3,2,3,0,6,1,0.031480
3,5,3,3,0,0,7,0,0.199000
3,5,3,3,0,1,7,0,0.099500
3,5,3,3,0,2,7,0,0.748239
3,5,3,4,0,0,7,0,0.199000
3,5,3,4,0,1,7,0,0.971591
3,5,4,0,0,0,6,1,-0.139830
3,5,4,0,0,0,7,0,0.480537
3,5,4,0,0,1,7,0,0.170571
3,5,4,0,0,2,7,0,0.085286
3,5,4,0,0,3,7,0,0.028429
3,5,4,0,0,4,7,0,0.000000
3,5,4,0,0,5,7,0,0.000000
3,5,4,0,1,0,6,1,0.138412
3,5,4,0,2,0,6,1,0.183862
3,5,4,1,0,0,6,1,-0.561394
3,5,4,1,0,0,7,0,0.284286
3,5,4,1,0,1,7,0,0.170571
3,5,4,1,0,2,7,0,0.085286
3,5,4,1,0,3,7,0,0.204878
3,5,4,1,0,4,7,0,0.000000
3,5,4,1,1,0,6,1,-0.411670
3,5,4,1,2,0,6,1,0.035044
3,5,4,2,0,0,6,1,-0.095573
3,5,4,2,0,0,7,0,0.284286
3,5,4,2,0,1,7,0,0.170571
3,5,4,2,0,2,7,0,0.446173
3,5,4,2,0,3,7,0,0.512841
3,5,4,2,1,0,6,1,-0.395482
3,5,4,2,2,0,6,1,-0.223500
3,5,4,3,0,0,7,0,0.284286
3,5,4,3,0,1,7,0,0.555427
3,5,4,3,0,2,7,0,0.973731
3,5,4,4,0,0,7,0,0.616058
3,5,4,4,0,1,7,0,0.975725
4,1,0,0,0,0,6,1,0.420771
4,1,0,0,0,2,7,0,0.757296
4,1,0,0,0,3,7,0,0.331659
4,1,0,0,0,4,7,0,0.000000
4,1,0,0,0,5,7,0,0.000000
4,1,0,0,0,6,7,0,0.000000
4,1,0,0,1,0,6,1,0.695125
4,1,0,1,0,0,6,1,-0.994956
4,1,0,1,0,1,7,0,0.992990
4,1,0,1,0,2,7,0,0.746234
4,1,0,1,0,3,7,0,0.066333
4,1,0,1,0,4,7,0,0.000000
4,1,0,1,0,5,7,0,0.000000
4,1,0,1,1,0,6,1,0.126183
4,1,0,1,2,0,6,1,0.704374
4,1,0,2,0,0,6,1,-0.975159
4,1,0,2,0,0,7,0,0.993884
4,1,0,2,0,1,7,0,0.984779
4,1,0,2,0,2,7,0,0.199000
4,1,0,2,0,3,7,0,0.066333
4,1,0,2,0,4,7,0,0.000000
4,1,0,2,1,0,6,1,-0.994992
4,1,0,2,2,0,6,1,0.443097
4,1,0,3,0,0,6,1,-0.805187
4,1,0,3,0,0,7,0,0.989322
4,1,0,3,0,1,7,0,0.398000
4,1,0,3,0,2,7,0,0.199000
4,1,0,3,0,3,7,0,0.531407
4,1,0,3,1,0,6,1,-0.994984
4,1,0,3,2,0,6,1,-0.994903
4,1,0,4,0,0,7,0,0.663333
4,1,0,4,0,1,7,0,0.398000
4,1,0,4,0,2,7,0,0.700434
4,1,1,0,0,0,6,1,0.879403
4,1,1,0,0,3,7,0,0.769833
4,1,1,0,0,4,7,0,0.252831
4,1,1,0,0,5,7,0,0.000000
4,1,1,0,0,6,7,0,0.000000
4,1,1,1,0,0,6,1,-0.306770
4,1,1,1,0,2,7,0,0.994643
4,1,1,1,0,3,7,0,0.602938
4,1,1,1,0,4,7,0,0.049750
4,1,1,1,0,5,7,0,0.000000
4,1,1,1,1,0,6,1,0.819602
4,1,1,2,0,0,6,1,-0.994993
4,1,1,2,0,1,7,0,0.994745
4,1,1,2,0,2,7,0,0.896255
4,1,1,2,0,3,7,0,0.149250
4,1,1,2,0,4,7,0,0.346798
4,1,1,2,1,0,6,1,0.013687
4,1,1,3,0,0,6,1,-0.994987
4,1,1,3,0,0,7,0,0.994873
4,1,1,3,0,1,7,0,0.962747
4,1,1,3,0,2,7,0,0.298500
4,1,1,3,0,3,7,0,0.764070
4,1,1,3,1,0,6,1,-0.994964
4,1,1,4,0,0,7,0,0.978874
4,1,1,4,0,1,7,0,0.497500
4,1,1,4,0,2,7,0,0.855465
4,1,2,0,0,4,7,0,0.477982
4,1,2,0,0,5,7,0,0.193227
4,1,2,0,0,6,7,0,0.000000
4,1,2,1,0,0,6,1,-0.935572
4,1,2,1,0,3,7,0,0.788714
4,1,2,1,0,4,7,0,0.440864
4,1,2,1,0,5,7,0,0.039800
4,1,2,2,0,0,6,1,-0.128964
4,1,2,2,0,2,7,0,0.980026
4,1,2,2,0,3,7,0,0.604095
4,1,2,2,0,4,7,0,0.119400
4,1,2,3,0,0,6,1,-0.994969
4,1,2,3,0,1,7,0,0.985017
4,1,2,3,0,2,7,0,0.686391
4,1,2,3,0,3,7,0,0.238800
4,1,2,4,0,0,7,0,0.990009
4,1,2,4,0,1,7,0,0.789261
4,1,2,4,0,2,7,0,0.398000
4,2,0,0,0,0,6,1,0.061470
4,2,0,0,0,0,7,0,0.994732
4,2,0,0,0,1,7,0,0.199000
4,2,0,0,0,2,7,0,0.066333
4,2,0,0,0,3,5,0,0.657190
4,2,0,0,0,3,7,0,0.000000
4,2,0,0,0,4,7,0,0.000000
4,2,0,0,0,5,7,0,0.000000
4,2,0,0,0,6,7,0,0.000000
4,2,0,0,1,0,6,1,0.051039
4,2,0,0,2,0,6,1,0.082272
4,2,0,0,3,0,6,1,0.493583
4,2,0,1,0,0,4,1,0.278978
4,2,0,1,0,0,6,1,-0.922906
4,2,0,1,0,0,7,0,0.398000
4,2,0,1,0,1,7,0,0.199000
4,2,0,1,0,2,5,0,0.150950
4,2,0,1,0,2,7,0,0.066333
4,2,0,1,0,3,7,0,0.000000
4,2,0,1,0,4,7,0,0.000000
4,2,0,1,0,5,7,0,0.000000
4,2,0,1,1,0,6,1,0.000017
4,2,0,1,2,0,6,1,0.106116
4,2,0,1,3,0,6,1,0.024406
4,2,0,2,0,0,6,1,-0.864144
4,2,0,2,0,0,7,0,0.398000
4,2,0,2,0,1,5,0,0.192678
4,2,0,2,0,1,7,0,0.199000
4,2,0,2,0,2,7,0,0.066333
4,2,0,2,0,3,7,0,0.000000
4,2,0,2,0,4,7,0,0.000000
4,2,0,2,1,0,6,1,-0.994934
4,2,0,2,2,0,6,1,0.000015
4,2,0,2,3,0,6,1,0.424770
4,2,0,3,0,0,5,0,0.206800
4,2,0,3,0,0,6,1,-0.834734
4,2,0,3,0,0,7,0,0.398000
4,2,0,3,0,1,7,0,0.199000
4,2,0,3,0,2,7,0,0.066333
4,2,0,3,0,3,7,0,0.000000
4,2,0,3,1,0,6,1,-0.711073
4,2,0,3,2,0,6,1,-0.994975
4,2,0,3,3,0,6,1,0.000669
4,2,0,4,0,0,7,0,0.398000
4,2,0,4,0,1,7,0,0.199000
4,2,0,4,0,2,7,0,0.767430
4,2,1,0,0,0,6,1,0.406312
4,2,1,0,0,0,7,0,0.994386
4,2,1,0,0,1,7,0,0.992770
4,2,1,0,0,2,7,0,0.149250
4,2,1,0,0,3,7,0,0.049750
4,2,1,0,0,4,7,0,0.000000
4,2,1,0,0,5,7,0,0.000000
4,2,1,0,0,6,7,0,0.000000
4,2,1,0,1,0,6,1,0.203119
4,2,1,0,2,0,6,1,0.962398
4,2,1,1,0,0,6,1,-0.641451
4,2,1,1,0,0,7,0,0.993407
4,2,1,1,0,1,7,0,0.298500
4,2,1,1,0,2,7,0,0.149250
4,2,1,1,0,3,7,0,0.049750
4,2,1,1,0,4,7,0,0.000000
4,2,1,1,0,5,7,0,0.000000
4,2,1,1,1,0,6,1,0.232335
4,2,1,1,2,0,6,1,0.025932
4,2,1,2,0,0,6,1,-0.994943
4,2,1,2,0,0,7,0,0.497500
4,2,1,2,0,1,7,0,0.298500
4,2,1,2,0,2,7,0,0.149250
4,2,1,2,0,3,7,0,0.052533
4,2,1,2,0,4,7,0,0.000000
4,2,1,2,1,0,6,1,-0.462304
4,2,1,2,2,0,6,1,0.438313
4,2,1,3,0,0,6,1,-0.761364
4,2,1,3,0,0,7,0,0.497500
4,2,1,3,0,1,7,0,0.298500
4,2,1,3,0,2,7,0,0.151740
4,2,1,3,0,3,7,0,0.504640
4,2,1,3,1,0,6,1,-0.994984
4,2,1,3,2,0,6,1,-0.626105
4,2,1,4,0,0,7,0,0.497500
4,2,1,4,0,1,7,0,0.300551
4,2,1,4,0,2,7,0,0.687563
4,2,2,0,0,0,6,1,0.832341
4,2,2,0,0,1,7,0,0.994094
4,2,2,0,0,2,7,0,0.993020
4,2,2,0,0,3,7,0,0.488096
4,2,2,0,0,4,7,0,0.039800
4,2,2,0,0,5,7,0,0.000000
4,2,2,0,0,6,7,0,0.000000
4,2,2,0,1,0,6,1,0.989055
4,2,2,1,0,0,6,1,-0.255393
4,2,2,1,0,0,7,0,0.994396
4,2,2,1,0,1,7,0,0.993437
4,2,2,1,0,2,7,0,0.782406
4,2,2,1,0,3,7,0,0.119400
4,2,2,1,0,4,7,0,0.211354
4,2,2,1,0,5,7,0,0.000000
4,2,2,1,1,0,6,1,0.751687
4,2,2,2,0,0,6,1,-0.481777
4,2,2,2,0,0,7,0,0.993958
4,2,2,2,0,1,7,0,0.936830
4,2,2,2,0,2,7,0,0.238800
4,2,2,2,0,3,7,0,0.460716
4,2,2,2,0,4,7,0,0.327873
4,2,2,2,1,0,6,1,-0.799779
4,2,2,3,0,0,6,1,-0.994986
4,2,2,3,0,0,7,0,0.956220
4,2,2,3,0,1,7,0,0.398000
4,2,2,3,0,2,7,0,0.574742
4,2,2,3,0,3,7,0,0.732685
4,2,2,3,1,0,6,1,-0.743090
4,2,2,4,0,0,7,0,0.597000
4,2,2,4,0,1,7,0,0.663218
4,2,2,4,0,2,7,0,0.852459
4,2,3,0,0,0,6,1,0.989466
4,2,3,0,0,2,7,0,0.994760
4,2,3,0,0,3,7,0,0.993240
4,2,3,0,0,4,7,0,0.099500
4,2,3,0,0,5,7,0,0.176616
4,2,3,0,0,6,7,0,0.000000
4,2,3,1,0,0,6,1,-0.140406
4,2,3,1,0,1,7,0,0.994820
4,2,3,1,0,2,7,0,0.994668
4,2,3,1,0,3,7,0,0.199000
4,2,3,1,0,4,7,0,0.409394
4,2,3,1,0,5,7,0,0.795021
4,2,3,2,0,0,6,1,-0.952805
4,2,3,2,0,0,7,0,0.994880
4,2,3,2,0,1,7,0,0.994751
4,2,3,2,0,2,7,0,0.331667
4,2,3,2,0,3,7,0,0.577881
4,2,3,2,0,4,7,0,0.983707
4,2,3,3,0,0,6,1,-0.678844
4,2,3,3,0,0,7,0,0.994834
4,2,3,3,0,1,7,0,0.497500
4,2,3,3,0,2,7,0,0.647401
4,2,3,3,0,3,7,0,0.988987
4,2,3,4,0,0,7,0,0.663333
4,2,3,4,0,1,7,0,0.734300
4,2,3,4,0,2,7,0,0.989989
4,3,0,0,0,0,4,1,-0.099596
4,3,0,0,0,0,6,1,0.000056
4,3,0,0,0,0,7,0,0.199000
4,3,0,0,0,1,7,0,0.066333
4,3,0,0,0,2,5,0,0.501884
4,3,0,0,0,2,7,0,0.000000
4,3,0,0,0,3,5,0,0.297634
4,3,0,0,0,3,7,0,0.000000
4,3,0,0,0,4,7,0,0.000000
4,3,0,0,0,5,7,0,0.000000
4,3,0,0,0,6,7,0,0.000000
4,3,0,0,1,0,6,1,0.009294
4,3,0,0,2,0,6,1,0.007615
4,3,0,0,3,0,6,1,0.029539
4,3,0,0,4,0,6,1,0.023599
4,3,0,1,0,0,6,1,-0.902258
4,3,0,1,0,0,7,0,0.199000
4,3,0,1,0,1,5,0,0.065029
4,3,0,1,0,1,7,0,0.066333
4,3,0,1,0,2,5,0,0.207251
4,3,0,1,0,2,7,0,0.000000
4,3,0,1,0,3,7,0,0.000000
4,3,0,1,0,4,7,0,0.000000
4,3,0,1,0,5,7,0,0.000000
4,3,0,1,1,0,4,1,0.193334
4,3,0,1,1,0,6,1,0.000007
4,3,0,1,2,0,6,1,0.000007
4,3,0,1,3,0,6,1,0.039432
4,3,0,1,4,0,6,1,0.047832
4,3,0,2,0,0,5,0,-0.366715
4,3,0,2,0,0,6,1,-0.624670
4,3,0,2,0,0,7,0,0.199000
4,3,0,2,0,1,5,0,-0.036521
4,3,0,2,0,1,7,0,0.066333
4,3,0,2,0,2,7,0,0.000000
4,3,0,2,0,3,7,0,0.000000
4,3,0,2,0,4,7,0,0.000000
4,3,0,2,1,0,6,1,-0.859794
4,3,0,2,2,0,6,1,0.000027
4,3,0,2,3,0,6,1,0.000007
4,3,0,2,4,0,6,1,0.123609
4,3,0,3,0,0,5,0,0.007540
4,3,0,3,0,0,7,0,0.199000
4,3,0,3,0,1,7,0,0.066333
4,3,0,3,0,2,7,0,0.000000
4,3,0,3,0,3,7,0,0.000000
4,3,0,3,1,0,6,1,-0.311420
4,3,0,3,2,0,6,1,-0.721227
4,3,0,3,3,0,6,1,0.034779
4,3,0,3,4,0,6,1,0.000510
4,3,0,4,0,0,7,0,0.199000
4,3,0,4,0,1,7,0,0.066333
4,3,0,4,0,2,7,0,0.000000
4,3,1,0,0,0,6,1,0.082138
4,3,1,0,0,0,7,0,0.978689
4,3,1,0,0,1,7,0,0.149250
4,3,1,0,0,2,7,0,0.049750
4,3,1,0,0,3,5,0,0.386141
4,3,1,0,0,3,7,0,0.000000
4,3,1,0,0,4,7,0,0.000000
4,3,1,0,0,5,7,0,0.000000
4,3,1,0,0,6,7,0,0.000000
4,3,1,0,1,0,6,1,0.021891
4,3,1,0,2,0,6,1,0.061649
4,3,1,0,3,0,6,1,0.103792
4,3,1,1,0,0,4,1,0.273147
4,3,1,1,0,0,6,1,-0.187224
4,3,1,1,0,0,7,0,0.298500
4,3,1,1,0,1,7,0,0.149250
4,3,1,1,0,2,5,0,0.099956
4,3,1,1,0,2,7,0,0.049750
4,3,1,1,0,3,7,0,0.000000
4,3,1,1,0,4,7,0,0.000000
4,3,1,1,0,5,7,0,0.000000
4,3,1,1,1,0,6,1,0.000007
4,3,1,1,2,0,6,1,0.108110
4,3,1,1,3,0,6,1,0.050808
4,3,1,2,0,0,6,1,-0.863329
4,3,1,2,0,0,7,0,0.298500
4,3,1,2,0,1,5,0,0.219516
4,3,1,2,0,1,7,0,0.149250
4,3,1,2,0,2,7,0,0.049750
4,3,1,2,0,3,7,0,0.000000
4,3,1,2,0,4,7,0,0.000000
4,3,1,2,1,0,6,1,-0.608863
4,3,1,2,2,0,6,1,0.000007
4,3,1,2,3,0,6,1,0.255908
4,3,1,3,0,0,5,0,0.235596
4,3,1,3,0,0,6,1,-0.796401
4,3,1,3,0,0,7,0,0.298500
4,3,1,3,0,1,7,0,0.149250
4,3,1,3,0,2,7,0,0.049750
4,3,1,3,0,3,7,0,0.000000
4,3,1,3,1,0,6,1,-0.832658
4,3,1,3,2,0,6,1,-0.555171
4,3,1,3,3,0,6,1,0.000514
4,3,1,4,0,0,7,0,0.298500
4,3,1,4,0,1,7,0,0.149250
4,3,1,4,0,2,7,0,0.779189
4,3,2,0,0,0,6,1,0.169192
4,3,2,0,0,0,7,0,0.994607
4,3,2,0,0,1,7,0,0.845749
4,3,2,0,0,2,7,0,0.119400
4,3,2,0,0,3,7,0,0.039800
4,3,2,0,0,4,7,0,0.000000
4,3,2,0,0,5,7,0,0.000000
4,3,2,0,0,6,7,0,0.000000
4,3,2,0,1,0,6,1,0.120516
4,3,2,0,2,0,6,1,0.930191
4,3,2,1,0,0,6,1,-0.039940
4,3,2,1,0,0,7,0,0.964219
4,3,2,1,0,1,7,0,0.238800
4,3,2,1,0,2,7,0,0.119400
4,3,2,1,0,3,7,0,0.039800
4,3,2,1,0,4,7,0,0.000000
4,3,2,1,0,5,7,0,0.000000
4,3,2,1,1,0,6,1,0.160228
4,3,2,1,2,0,6,1,0.070733
4,3,2,2,0,0,6,1,-0.614182
4,3,2,2,0,0,7,0,0.398000
4,3,2,2,0,1,7,0,0.238800
4,3,2,2,0,2,7,0,0.119400
4,3,2,2,0,3,7,0,0.180426
4,3,2,2,0,4,7,0,0.000000
4,3,2,2,1,0,6,1,-0.972803
4,3,2,2,2,0,6,1,0.407942
4,3,2,3,0,0,6,1,-0.858603
4,3,2,3,0,0,7,0,0.398000
4,3,2,3,0,1,7,0,0.238800
4,3,2,3,0,2,7,0,0.367417
4,3,2,3,0,3,7,0,0.039800
4,3,2,3,1,0,6,1,-0.606475
4,3,2,3,2,0,6,1,-0.815718
4,3,2,4,0,0,7,0,0.398000
4,3,2,4,0,1,7,0,0.452996
4,3,2,4,0,2,7,0,0.119400
4,3,3,0,0,0,6,1,0.354180
4,3,3,0,0,1,7,0,0.966792
4,3,3,0,0,2,7,0,0.981765
4,3,3,0,0,3,7,0,0.099500
4,3,3,0,0,4,7,0,0.033167
4,3,3,0,0,5,7,0,0.000000
4,3,3,0,0,6,7,0,0.000000
4,3,3,0,1,0,6,1,0.988318
4,3,3,1,0,0,6,1,-0.814376
4,3,3,1,0,0,7,0,0.994858
4,3,3,1,0,1,7,0,0.983971
4,3,3,1,0,2,7,0,0.199000
4,3,3,1,0,3,7,0,0.099500
4,3,3,1,0,4,7,0,0.193013
4,3,3,1,0,5,7,0,0.000000
4,3,3,1,1,0,6,1,0.452135
4,3,3,2,0,0,6,1,-0.972812
4,3,3,2,0,0,7,0,0.986728
4,3,3,2,0,1,7,0,0.331667
4,3,3,2,0,2,7,0,0.199000
4,3,3,2,0,3,7,0,0.426805
4,3,3,2,0,4,7,0,0.412473
4,3,3,2,1,0,6,1,-0.935102
4,3,3,3,0,0,6,1,-0.652804
4,3,3,3,0,0,7,0,0.497500
4,3,3,3,0,1,7,0,0.331667
4,3,3,3,0,2,7,0,0.549141
4,3,3,3,0,3,7,0,0.806855
4,3,3,3,1,0,6,1,-0.938378
4,3,3,4,0,0,7,0,0.497500
4,3,3,4,0,1,7,0,0.623450
4,3,3,4,0,2,7,0,0.932370
4,3,4,0,0,0,6,1,0.989443
4,3,4,0,0,2,7,0,0.994939
4,3,4,0,0,3,7,0,0.994252
4,3,4,0,0,4,7,0,0.156910
4,3,4,0,0,5,7,0,0.166869
4,3,4,0,0,6,7,0,0.000000
4,3,4,1,0,0,6,1,-0.899080
4,3,4,1,0,1,7,0,0.994952
4,3,4,1,0,2,7,0,0.994894
4,3,4,1,0,3,7,0,0.287098
4,3,4,1,0,4,7,0,0.390170
4,3,4,1,0,5,7,0,0.955287
4,3,4,2,0,0,6,1,-0.951633
4,3,4,2,0,0,7,0,0.994964
4,3,4,2,0,1,7,0,0.994915
4,3,4,2,0,2,7,0,0.425052
4,3,4,2,0,3,7,0,0.559467
4,3,4,2,0,4,7,0,0.992920
4,3,4,3,0,0,6,1,-0.931902
4,3,4,3,0,0,7,0,0.994936
4,3,4,3,0,1,7,0,0.552958
4,3,4,3,0,2,7,0,0.619541
4,3,4,3,0,3,7,0,0.993384
4,3,4,4,0,0,7,0,0.663468
4,3,4,4,0,1,7,0,0.694632
4,3,4,4,0,2,7,0,0.993607
4,4,0,0,0,0,5,0,0.388199
4,4,0,0,0,0,6,1,0.024540
4,4,0,0,0,0,7,0,0.066333
4,4,0,0,0,1,3,0,0.439814
4,4,0,0,0,1,5,0,0.083649
4,4,0,0,0,1,7,0,0.000000
4,4,0,0,0,2,5,0,0.140870
4,4,0,0,0,2,7,0,0.000000
4,4,0,0,0,3,5,0,0.096474
4,4,0,0,0,3,7,0,0.000000
4,4,0,0,0,4,7,0,0.000000
4,4,0,0,0,5,7,0,0.000000
4,4,0,0,0,6,7,0,0.000000
4,4,0,0,1,0,4,1,-0.001147
4,4,0,0,1,0,6,1,0.000278
4,4,0,0,2,0,4,1,0.303093
4,4,0,0,2,0,6,1,0.002478
4,4,0,0,3,0,6,1,0.005502
4,4,0,0,4,0,6,1,0.004696
4,4,0,0,5,0,6,1,0.007694
4,4,0,1,0,0,3,0,0.281975
4,4,0,1,0,0,5,0,-0.031889
4,4,0,1,0,0,6,1,-0.363794
4,4,0,1,0,0,7,0,0.066333
4,4,0,1,0,1,5,0,0.000173
4,4,0,1,0,1,7,0,0.000000
4,4,0,1,0,2,5,0,0.046378
4,4,0,1,0,2,7,0,0.000000
4,4,0,1,0,3,7,0,0.000000
4,4,0,1,0,4,7,0,0.000000
4,4,0,1,0,5,7,0,0.000000
4,4,0,1,1,0,6,1,0.050360
4,4,0,1,2,0,4,1,0.095365
4,4,0,1,2,0,6,1,0.000004
4,4,0,1,3,0,6,1,0.000002
4,4,0,1,4,0,6,1,0.000058
4,4,0,1,5,0,6,1,0.000018
4,4,0,2,0,0,5,0,-0.100699
4,4,0,2,0,0,7,0,0.066333
4,4,0,2,0,1,5,0,0.083743
4,4,0,2,0,1,7,0,0.000000
4,4,0,2,0,2,7,0,0.000000
4,4,0,2,0,3,7,0,0.000000
4,4,0,2,0,4,7,0,0.000000
4,4,0,2,1,0,6,1,-0.110614
4,4,0,2,2,0,6,1,0.048339
4,4,0,2,3,0,6,1,0.000019
4,4,0,2,4,0,6,1,0.000006
4,4,0,2,5,0,6,1,0.016282
4,4,0,3,0,0,5,0,-0.152107
4,4,0,3,0,0,7,0,0.066333
4,4,0,3,0,1,7,0,0.000000
4,4,0,3,0,2,7,0,0.000000
4,4,0,3,0,3,7,0,0.000000
4,4,0,3,2,0,6,1,-0.060967
4,4,0,3,3,0,6,1,0.313037
4,4,0,3,4,0,6,1,0.000362
4,4,0,3,5,0,6,1,0.000201
4,4,0,4,0,0,7,0,0.066333
4,4,0,4,0,1,7,0,0.000000
4,4,0,4,0,2,7,0,0.000000
4,4,1,0,0,0,4,1,-0.016639
4,4,1,0,0,0,5,0,0.940297
4,4,1,0,0,0,6,1,0.000485
4,4,1,0,0,0,7,0,0.149250
4,4,1,0,0,1,5,0,0.701049
4,4,1,0,0,1,7,0,0.049750
4,4,1,0,0,2,5,0,0.133647
4,4,1,0,0,2,7,0,0.000000
4,4,1,0,0,3,5,0,0.213025
4,4,1,0,0,3,7,0,0.000000
4,4,1,0,0,4,7,0,0.000000
4,4,1,0,0,5,7,0,0.000000
4,4,1,0,0,6,7,0,0.000000
4,4,1,0,1,0,4,1,0.331470
4,4,1,0,1,0,6,1,0.006970
4,4,1,0,2,0,6,1,0.015474
4,4,1,0,3,0,6,1,0.013206
4,4,1,0,4,0,6,1,0.013655
4,4,1,1,0,0,5,0,0.579683
4,4,1,1,0,0,6,1,-0.152682
4,4,1,1,0,0,7,0,0.149250
4,4,1,1,0,1,5,0,0.006719
4,4,1,1,0,1,7,0,0.049750
4,4,1,1,0,2,5,0,0.104750
4,4,1,1,0,2,7,0,0.000000
4,4,1,1,0,3,7,0,0.000000
4,4,1,1,0,4,7,0,0.000000
4,4,1,1,0,5,7,0,0.000000
4,4,1,1,1,0,4,1,0.188920
4,4,1,1,1,0,6,1,0.000005
4,4,1,1,2,0,6,1,0.000003
4,4,1,1,3,0,6,1,0.000084
4,4,1,1,4,0,6,1,0.000033
4,4,1,2,0,0,5,0,-0.187611
4,4,1,2,0,0,6,1,-0.584341
4,4,1,2,0,0,7,0,0.149250
4,4,1,2,0,1,5,0,-0.036009
4,4,1,2,0,1,7,0,0.049750
4,4,1,2,0,2,7,0,0.000000
4,4,1,2,0,3,7,0,0.000000
4,4,1,2,0,4,7,0,0.000000
4,4,1,2,1,0,6,1,-0.349944
4,4,1,2,2,0,6,1,0.000034
4,4,1,2,3,0,6,1,0.000007
4,4,1,2,4,0,6,1,0.077734
4,4,1,3,0,0,5,0,0.034416
4,4,1,3,0,0,7,0,0.149250
4,4,1,3,0,1,7,0,0.049750
4,4,1,3,0,2,7,0,0.000000
4,4,1,3,0,3,7,0,0.000000
4,4,1,3,1,0,6,1,-0.887383
4,4,1,3,2,0,6,1,-0.403238
4,4,1,3,3,0,6,1,0.000365
4,4,1,3,4,0,6,1,0.000205
4,4,1,4,0,0,7,0,0.149250
4,4,1,4,0,1,7,0,0.049750
4,4,1,4,0,2,7,0,0.000000
4,4,2,0,0,0,4,1,0.589329
4,4,2,0,0,0,6,1,0.080504
4,4,2,0,0,0,7,0,0.238800
4,4,2,0,0,1,5,0,0.988850
4,4,2,0,0,1,7,0,0.119400
4,4,2,0,0,2,5,0,0.657024
4,4,2,0,0,2,7,0,0.039800
4,4,2,0,0,3,5,0,0.380354
4,4,2,0,0,3,7,0,0.000000
4,4,2,0,0,4,7,0,0.000000
4,4,2,0,0,5,7,0,0.000000
4,4,2,0,0,6,7,0,0.000000
4,4,2,0,1,0,6,1,0.030813
4,4,2,0,2,0,6,1,0.026390
4,4,2,0,3,0,6,1,0.050962
4,4,2,1,0,0,4,1,0.258891
4,4,2,1,0,0,5,0,0.994925
4,4,2,1,0,0,6,1,-0.080167
4,4,2,1,0,0,7,0,0.238800
4,4,2,1,0,1,5,0,0.501023
4,4,2,1,0,1,7,0,0.119400
4,4,2,1,0,2,5,0,-0.347754
4,4,2,1,0,2,7,0,0.039800
4,4,2,1,0,3,7,0,0.000000
4,4,2,1,0,4,7,0,0.000000
4,4,2,1,0,5,7,0,0.000000
4,4,2,1,1,0,6,1,0.000004
4,4,2,1,2,0,6,1,0.000104
4,4,2,1,3,0,6,1,0.000043
4,4,2,2,0,0,5,0,0.602769
4,4,2,2,0,0,6,1,-0.437080
4,4,2,2,0,0,7,0,0.238800
4,4,2,2,0,1,5,0,0.176113
4,4,2,2,0,1,7,0,0.119400
4,4,2,2,0,2,7,0,0.039800
4,4,2,2,0,3,7,0,0.000000
4,4,2,2,0,4,7,0,0.000000
4,4,2,2,1,0,6,1,-0.213754
4,4,2,2,2,0,6,1,0.000007
4,4,2,2,3,0,6,1,0.091357
4,4,2,3,0,0,5,0,0.152819
4,4,2,3,0,0,6,1,-0.946054
4,4,2,3,0,0,7,0,0.238800
4,4,2,3,0,1,7,0,0.119400
4,4,2,3,0,2,7,0,0.039800
4,4,2,3,0,3,7,0,0.000000
4,4,2,3,1,0,6,1,-0.824449
4,4,2,3,2,0,6,1,-0.130308
4,4,2,3,3,0,6,1,0.000209
4,4,2,4,0,0,7,0,0.238800
4,4,2,4,0,1,7,0,0.119400
4,4,2,4,0,2,7,0,0.843285
4,4,3,0,0,0,6,1,0.074041
4,4,3,0,0,0,7,0,0.331667
4,4,3,0,0,1,7,0,0.199000
4,4,3,0,0,2,7,0,0.099500
4,4,3,0,0,3,7,0,0.033167
4,4,3,0,0,4,7,0,0.000000
4,4,3,0,0,5,7,0,0.000000
4,4,3,0,0,6,7,0,0.000000
4,4,3,0,1,0,6,1,0.068180
4,4,3,0,2,0,6,1,0.137993
4,4,3,1,0,0,6,1,-0.892010
4,4,3,1,0,0,7,0,0.331667
4,4,3,1,0,1,7,0,0.199000
4,4,3,1,0,2,7,0,0.099500
4,4,3,1,0,3,7,0,0.033167
4,4,3,1,0,4,7,0,0.000000
4,4,3,1,0,5,7,0,0.000000
4,4,3,1,1,0,6,1,0.000236
4,4,3,1,2,0,6,1,0.000051
4,4,3,2,0,0,6,1,-0.799728
4,4,3,2,0,0,7,0,0.331667
4,4,3,2,0,1,7,0,0.199000
4,4,3,2,0,2,7,0,0.099500
4,4,3,2,0,3,7,0,0.033167
4,4,3,2,0,4,7,0,0.000000
4,4,3,2,1,0,6,1,-0.797989
4,4,3,2,2,0,6,1,0.092423
4,4,3,3,0,0,6,1,-0.812134
4,4,3,3,0,0,7,0,0.331667
4,4,3,3,0,1,7,0,0.199000
4,4,3,3,0,2,7,0,0.099500
4,4,3,3,0,3,7,0,0.033167
4,4,3,3,1,0,6,1,-0.302402
4,4,3,3,2,0,6,1,-0.811809
4,4,3,4,0,0,7,0,0.331667
4,4,3,4,0,1,7,0,0.199000
4,4,3,4,0,2,7,0,0.099500
4,4,4,0,0,0,6,1,0.312452
4,4,4,0,0,1,7,0,0.861173
4,4,4,0,0,2,7,0,0.312410
4,4,4,0,0,3,7,0,0.085286
4,4,4,0,0,4,7,0,0.028429
4,4,4,0,0,5,7,0,0.000000
4,4,4,0,0,6,7,0,0.000000
4,4,4,0,1,0,6,1,0.291394
4,4,4,1,0,0,6,1,-0.519585
4,4,4,1,0,0,7,0,0.953663
4,4,4,1,0,1,7,0,0.456645
4,4,4,1,0,2,7,0,0.170571
4,4,4,1,0,3,7,0,0.085286
4,4,4,1,0,4,7,0,0.197701
4,4,4,1,0,5,7,0,0.000000
4,4,4,1,1,0,6,1,0.186155
4,4,4,2,0,0,6,1,-0.796596
4,4,4,2,0,0,7,0,0.564316
4,4,4,2,0,1,7,0,0.284286
4,4,4,2,0,2,7,0,0.170571
4,4,4,2,0,3,7,0,0.438344
4,4,4,2,0,4,7,0,0.545610
4,4,4,2,1,0,6,1,-0.793163
4,4,4,3,0,0,6,1,-0.402000
4,4,4,3,0,0,7,0,0.426429
4,4,4,3,0,1,7,0,0.284286
4,4,4,3,0,2,7,0,0.567168
4,4,4,3,0,3,7,0,0.947867
4,4,4,3,1,0,6,1,-0.945709
4,4,4,4,0,0,7,0,0.426429
4,4,4,4,0,1,7,0,0.626179
4,4,4,4,0,2,7,0,0.952285
4,5,0,0,0,0,3,0,0.367790
4,5,0,0,0,0,5,0,0.080132
4,5,0,0,0,0,6,1,0.000000
4,5,0,0,0,0,7,0,0.000000
4,5,0,0,0,1,5,0,0.000341
4,5,0,0,0,1,7,0,0.000000
4,5,0,0,0,2,5,0,0.024831
4,5,0,0,0,2,7,0,0.000000
4,5,0,0,0,3,5,0,0.100265
4,5,0,0,0,3,7,0,0.000000
4,5,0,0,0,4,7,0,0.000000
4,5,0,0,0,5,7,0,0.000000
4,5,0,0,0,6,7,0,0.000000
4,5,0,0,1,0,6,1,0.000000
4,5,0,0,2,0,4,1,-0.167242
4,5,0,0,2,0,6,1,0.000000
4,5,0,0,3,0,4,1,-0.033449
4,5,0,0,3,0,6,1,0.000000
4,5,0,0,4,0,6,1,0.000000
4,5,0,0,5,0,6,1,0.000000
4,5,0,0,6,0,6,1,0.000000
4,5,0,1,0,0,5,0,-0.331372
4,5,0,1,0,0,7,0,0.000000
4,5,0,1,0,1,5,0,-0.066122
4,5,0,1,0,1,7,0,0.000000
4,5,0,1,0,2,5,0,-0.015098
4,5,0,1,0,2,7,0,0.000000
4,5,0,1,0,3,7,0,0.000000
4,5,0,1,0,4,7,0,0.000000
4,5,0,1,0,5,7,0,0.000000
4,5,0,1,1,0,6,1,0.000000
4,5,0,1,2,0,6,1,0.000000
4,5,0,1,3,0,4,1,-0.120799
4,5,0,1,3,0,6,1,0.000000
4,5,0,1,4,0,6,1,0.000000
4,5,0,1,5,0,6,1,0.000000
4,5,0,1,6,0,6,1,0.000000
4,5,0,2,0,0,5,0,-0.340228
4,5,0,2,0,0,7,0,0.000000
4,5,0,2,0,1,5,0,-0.242409
4,5,0,2,0,1,7,0,0.000000
4,5,0,2,0,2,7,0,0.000000
4,5,0,2,0,3,7,0,0.000000
4,5,0,2,0,4,7,0,0.000000
4,5,0,2,2,0,6,1,0.000000
4,5,0,2,3,0,6,1,0.000000
4,5,0,2,4,0,6,1,0.000000
4,5,0,2,5,0,6,1,0.000000
4,5,0,2,6,0,6,1,0.000000
4,5,0,3,0,0,5,0,-0.747103
4,5,0,3,0,0,7,0,0.000000
4,5,0,3,0,1,7,0,0.000000
4,5,0,3,0,2,7,0,0.000000
4,5,0,3,0,3,7,0,0.000000
4,5,0,3,3,0,6,1,0.000000
4,5,0,3,4,0,6,1,0.000000
4,5,0,3,5,0,6,1,0.000000
4,5,0,3,6,0,6,1,0.000000
4,5,0,4,0,0,7,0,0.000000
4,5,0,4,0,1,7,0,0.000000
4,5,0,4,0,2,7,0,0.000000
4,5,1,0,0,0,5,0,0.580316
4,5,1,0,0,0,6,1,0.024828
4,5,1,0,0,0,7,0,0.049750
4,5,1,0,0,1,3,0,0.197901
4,5,1,0,0,1,5,0,0.172957
4,5,1,0,0,1,7,0,0.000000
4,5,1,0,0,2,5,0,0.060804
4,5,1,0,0,2,7,0,0.000000
4,5,1,0,0,3,5,0,0.135343
4,5,1,0,0,3,7,0,0.000000
4,5,1,0,0,4,7,0,0.000000
4,5,1,0,0,5,7,0,0.000000
4,5,1,0,0,6,7,0,0.000000
4,5,1,0,1,0,4,1,-0.011633
4,5,1,0,1,0,6,1,0.000281
4,5,1,0,2,0,4,1,0.139007
4,5,1,0,2,0,6,1,0.000282
4,5,1,0,3,0,6,1,0.002069
4,5,1,0,4,0,6,1,0.000334
4,5,1,0,5,0,6,1,0.006789
4,5,1,1,0,0,3,0,0.198996
4,5,1,1,0,0,5,0,-0.058665
4,5,1,1,0,0,6,1,-0.363494
4,5,1,1,0,0,7,0,0.049750
4,5,1,1,0,1,5,0,-0.000232
4,5,1,1,0,1,7,0,0.000000
4,5,1,1,0,2,5,0,-0.016383
4,5,1,1,0,2,7,0,0.000000
4,5,1,1,0,3,7,0,0.000000
4,5,1,1,0,4,7,0,0.000000
4,5,1,1,0,5,7,0,0.000000
4,5,1,1,1,0,6,1,0.005975
4,5,1,1,2,0,4,1,-0.055700
4,5,1,1,2,0,6,1,0.000004
4,5,1,1,3,0,6,1,0.000001
4,5,1,1,4,0,6,1,0.000001
4,5,1,1,5,0,6,1,0.000009
4,5,1,2,0,0,5,0,-0.093014
4,5,1,2,0,0,7,0,0.049750
4,5,1,2,0,1,5,0,-0.110758
4,5,1,2,0,1,7,0,0.000000
4,5,1,2,0,2,7,0,0.000000
4,5,1,2,0,3,7,0,0.000000
4,5,1,2,0,4,7,0,0.000000
4,5,1,2,1,0,6,1,-0.747896
4,5,1,2,2,0,6,1,0.211985
4,5,1,2,3,0,6,1,0.000072
4,5,1,2,4,0,6,1,0.000002
4,5,1,2,5,0,6,1,0.000001
4,5,1,3,0,0,5,0,-0.413165
4,5,1,3,0,0,7,0,0.049750
4,5,1,3,0,1,7,0,0.000000
4,5,1,3,0,2,7,0,0.000000
4,5,1,3,0,3,7,0,0.000000
4,5,1,3,2,0,6,1,-0.432060
4,5,1,3,3,0,6,1,0.471631
4,5,1,3,4,0,6,1,0.126844
4,5,1,3,5,0,6,1,0.000004
4,5,1,4,0,0,7,0,0.049750
4,5,1,4,0,1,7,0,0.000000
4,5,1,4,0,2,7,0,0.000000
4,5,2,0,0,0,4,1,0.068467
4,5,2,0,0,0,5,0,0.973046
4,5,2,0,0,0,6,1,0.000490
4,5,2,0,0,0,7,0,0.119400
4,5,2,0,0,1,5,0,0.781310
4,5,2,0,0,1,7,0,0.039800
4,5,2,0,0,2,5,0,0.091373
4,5,2,0,0,2,7,0,0.000000
4,5,2,0,0,3,5,0,0.057707
4,5,2,0,0,3,7,0,0.000000
4,5,2,0,0,4,7,0,0.000000
4,5,2,0,0,5,7,0,0.000000
4,5,2,0,0,6,7,0,0.000000
4,5,2,0,1,0,4,1,0.137775
4,5,2,0,1,0,6,1,0.000493
4,5,2,0,2,0,6,1,0.003512
4,5,2,0,3,0,6,1,0.000567
4,5,2,0,4,0,6,1,0.031981
4,5,2,1,0,0,5,0,0.892172
4,5,2,1,0,0,6,1,-0.124522
4,5,2,1,0,0,7,0,0.119400
4,5,2,1,0,1,5,0,-0.446403
4,5,2,1,0,1,7,0,0.039800
4,5,2,1,0,2,5,0,-0.235147
4,5,2,1,0,2,7,0,0.000000
4,5,2,1,0,3,7,0,0.000000
4,5,2,1,0,4,7,0,0.000000
4,5,2,1,0,5,7,0,0.000000
4,5,2,1,1,0,4,1,0.045835
4,5,2,1,1,0,6,1,0.000005
4,5,2,1,2,0,6,1,0.000002
4,5,2,1,3,0,6,1,0.000001
4,5,2,1,4,0,6,1,0.000017
4,5,2,2,0,0,5,0,-0.013913
4,5,2,2,0,0,6,1,-0.978473
4,5,2,2,0,0,7,0,0.119400
4,5,2,2,0,1,5,0,-0.398485
4,5,2,2,0,1,7,0,0.039800
4,5,2,2,0,2,7,0,0.000000
4,5,2,2,0,3,7,0,0.000000
4,5,2,2,0,4,7,0,0.000000
4,5,2,2,1,0,6,1,-0.221072
4,5,2,2,2,0,6,1,0.000093
4,5,2,2,3,0,6,1,0.000004
4,5,2,2,4,0,6,1,0.000002
4,5,2,3,0,0,5,0,-0.103266
4,5,2,3,0,0,7,0,0.119400
4,5,2,3,0,1,7,0,0.039800
4,5,2,3,0,2,7,0,0.000000
4,5,2,3,0,3,7,0,0.000000
4,5,2,3,1,0,6,1,-0.916212
4,5,2,3,2,0,6,1,-0.057278
4,5,2,3,3,0,6,1,0.173522
4,5,2,3,4,0,6,1,0.000008
4,5,2,4,0,0,7,0,0.119400
4,5,2,4,0,1,7,0,0.221704
4,5,2,4,0,2,7,0,0.000000
4,5,3,0,0,0,4,1,0.731186
4,5,3,0,0,0,6,1,0.000594
4,5,3,0,0,0,7,0,0.199000
4,5,3,0,0,1,5,0,0.987645
4,5,3,0,0,1,7,0,0.099500
4,5,3,0,0,2,5,0,0.850447
4,5,3,0,0,2,7,0,0.033167
4,5,3,0,0,3,5,0,0.262054
4,5,3,0,0,3,7,0,0.000000
4,5,3,0,0,4,7,0,0.000000
4,5,3,0,0,5,7,0,0.000000
4,5,3,0,0,6,7,0,0.000000
4,5,3,0,1,0,6,1,0.004451
4,5,3,0,2,0,6,1,0.027469
4,5,3,0,3,0,6,1,0.066942
4,5,3,1,0,0,4,1,0.058888
4,5,3,1,0,0,5,0,0.938587
4,5,3,1,0,0,6,1,-0.434655
4,5,3,1,0,0,7,0,0.199000
4,5,3,1,0,1,5,0,0.683770
4,5,3,1,0,1,7,0,0.099500
4,5,3,1,0,2,5,0,-0.021034
4,5,3,1,0,2,7,0,0.033167
4,5,3,1,0,3,7,0,0.000000
4,5,3,1,0,4,7,0,0.000000
4,5,3,1,0,5,7,0,0.000000
4,5,3,1,1,0,6,1,0.000002
4,5,3,1,2,0,6,1,0.000002
4,5,3,1,3,0,6,1,0.000022
4,5,3,2,0,0,5,0,0.757410
4,5,3,2,0,0,6,1,-0.319887
4,5,3,2,0,0,7,0,0.199000
4,5,3,2,0,1,5,0,-0.023690
4,5,3,2,0,1,7,0,0.099500
4,5,3,2,0,2,7,0,0.033167
4,5,3,2,0,3,7,0,0.000000
4,5,3,2,0,4,7,0,0.000000
4,5,3,2,1,0,6,1,-0.183419
4,5,3,2,2,0,6,1,0.000005
4,5,3,2,3,0,6,1,0.000002
4,5,3,3,0,0,5,0,0.029364
4,5,3,3,0,0,6,1,-0.944853
4,5,3,3,0,0,7,0,0.199000
4,5,3,3,0,1,7,0,0.099500
4,5,3,3,0,2,7,0,0.329871
4,5,3,3,0,3,7,0,0.000000
4,5,3,3,1,0,6,1,-0.630745
4,5,3,3,2,0,6,1,-0.012418
4,5,3,3,3,0,6,1,0.000011
4,5,3,4,0,0,7,0,0.199000
4,5,3,4,0,1,7,0,0.461356
4,5,3,4,0,2,7,0,0.969857
4,5,4,0,0,0,6,1,0.062832
4,5,4,0,0,0,7,0,0.665430
4,5,4,0,0,1,7,0,0.398223
4,5,4,0,0,2,7,0,0.085286
4,5,4,0,0,3,7,0,0.028429
4,5,4,0,0,4,7,0,0.000000
4,5,4,0,0,5,7,0,0.000000
4,5,4,0,0,6,7,0,0.000000
4,5,4,0,1,0,6,1,0.069246
4,5,4,0,2,0,6,1,0.283243
4,5,4,1,0,0,6,1,-0.321156
4,5,4,1,0,0,7,0,0.480537
4,5,4,1,0,1,7,0,0.170571
4,5,4,1,0,2,7,0,0.085286
4,5,4,1,0,3,7,0,0.028429
4,5,4,1,0,4,7,0,0.000000
4,5,4,1,0,5,7,0,0.000000
4,5,4,1,1,0,6,1,0.000004
4,5,4,1,2,0,6,1,0.000027
4,5,4,2,0,0,6,1,-0.117513
4,5,4,2,0,0,7,0,0.284286
4,5,4,2,0,1,7,0,0.170571
4,5,4,2,0,2,7,0,0.085286
4,5,4,2,0,3,7,0,0.266317
4,5,4,2,0,4,7,0,0.000000
4,5,4,2,1,0,6,1,-0.925051
4,5,4,2,2,0,6,1,0.000004
4,5,4,3,0,0,6,1,-0.642194
4,5,4,3,0,0,7,0,0.284286
4,5,4,3,0,1,7,0,0.170571
4,5,4,3,0,2,7,0,0.522909
4,5,4,3,0,3,7,0,0.741372
4,5,4,3,1,0,6,1,-0.516913
4,5,4,3,2,0,6,1,-0.199318
4,5,4,4,0,0,7,0,0.284286
4,5,4,4,0,1,7,0,0.567168
4,5,4,4,0,2,7,0,0.973731
5,1,0,0,0,0,6,1,0.596463
5,1,0,0,0,3,7,0,0.481003
5,1,0,0,0,4,7,0,0.000000
5,1,0,0,0,5,7,0,0.000000
5,1,0,0,0,6,7,0,0.000000
5,1,0,0,0,7,7,0,0.000000
5,1,0,1,0,0,6,1,0.000001
5,1,0,1,0,2,7,0,0.889788
5,1,0,1,0,3,7,0,0.303092
5,1,0,1,0,4,7,0,0.000000
5,1,0,1,0,5,7,0,0.000000
5,1,0,1,0,6,7,0,0.000000
5,1,0,1,1,0,6,1,0.049141
5,1,0,2,0,0,6,1,-0.994989
5,1,0,2,0,1,7,0,0.992990
5,1,0,2,0,2,7,0,0.675400
5,1,0,2,0,3,7,0,0.066333
5,1,0,2,0,4,7,0,0.000000
5,1,0,2,0,5,7,0,0.000000
5,1,0,2,1,0,6,1,0.497915
5,1,0,2,2,0,6,1,0.508914
5,1,0,3,0,0,6,1,-0.994998
5,1,0,3,0,0,7,0,0.993884
5,1,0,3,0,1,7,0,0.771252
5,1,0,3,0,2,7,0,0.199000
5,1,0,3,0,3,7,0,0.066333
5,1,0,3,0,4,7,0,0.000000
5,1,0,3,1,0,6,1,-0.994956
5,1,0,3,2,0,6,1,0.335587
5,1,0,4,0,0,6,1,-0.853391
5,1,0,4,0,0,7,0,0.870696
5,1,0,4,0,1,7,0,0.398000
5,1,0,4,0,2,7,0,0.199000
5,1,0,4,0,3,7,0,0.762110
5,1,0,4,1,0,6,1,-0.994996
5,1,0,4,2,0,6,1,-0.994992
5,1,1,0,0,4,7,0,0.413650
5,1,1,0,0,5,7,0,0.000000
5,1,1,0,0,6,7,0,0.000000
5,1,1,0,0,7,7,0,0.000000
5,1,1,1,0,0,6,1,0.432658
5,1,1,1,0,3,7,0,0.869150
5,1,1,1,0,4,7,0,0.049750
5,1,1,1,0,5,7,0,0.000000
5,1,1,1,0,6,7,0,0.000000
5,1,1,2,0,0,6,1,-0.478870
5,1,1,2,0,2,7,0,0.994697
5,1,1,2,0,3,7,0,0.149250
5,1,1,2,0,4,7,0,0.049750
5,1,1,2,0,5,7,0,0.000000
5,1,1,2,1,0,6,1,0.688864
5,1,1,3,0,0,6,1,-0.994978
5,1,1,3,0,1,7,0,0.994784
5,1,1,3,0,2,7,0,0.298500
5,1,1,3,0,3,7,0,0.149250
5,1,1,3,0,4,7,0,0.504613
5,1,1,3,1,0,6,1,0.077540
5,1,1,4,0,0,6,1,-0.994997
5,1,1,4,0,0,7,0,0.994892
5,1,1,4,0,1,7,0,0.497500
5,1,1,4,0,2,7,0,0.298500
5,1,1,4,0,3,7,0,0.825564
5,1,1,4,1,0,6,1,-0.994999
5,1,2,0,0,5,7,0,0.219258
5,1,2,0,0,6,7,0,0.000000
5,1,2,0,0,7,7,0,0.000000
5,1,2,1,0,4,7,0,0.536519
5,1,2,1,0,5,7,0,0.241739
5,1,2,1,0,6,7,0,0.000000
5,1,2,2,0,0,6,1,-0.304657
5,1,2,2,0,3,7,0,0.830527
5,1,2,2,0,4,7,0,0.576733
5,1,2,2,0,5,7,0,0.039800
5,1,2,3,0,0,6,1,-0.585602
5,1,2,3,0,2,7,0,0.980026
5,1,2,3,0,3,7,0,0.856496
5,1,2,3,0,4,7,0,0.119400
5,1,2,4,0,0,6,1,-0.994999
5,1,2,4,0,1,7,0,0.985017
5,1,2,4,0,2,7,0,0.930018
5,1,2,4,0,3,7,0,0.238800
5,2,0,0,0,0,6,1,0.000771
5,2,0,0,0,0,7,0,0.994860
5,2,0,0,0,1,7,0,0.994726
5,2,0,0,0,2,7,0,0.066333
5,2,0,0,0,3,7,0,0.000000
5,2,0,0,0,4,5,0,0.384339
5,2,0,0,0,4,7,0,0.000000
5,2,0,0,0,5,7,0,0.000000
5,2,0,0,0,6,7,0,0.000000
5,2,0,0,0,7,7,0,0.000000
5,2,0,0,1,0,6,1,0.000437
5,2,0,0,2,0,6,1,0.001280
5,2,0,0,3,0,6,1,0.001280
5,2,0,1,0,0,6,1,0.000001
5,2,0,1,0,0,7,0,0.994795
5,2,0,1,0,1,7,0,0.199000
5,2,0,1,0,2,7,0,0.066333
5,2,0,1,0,3,5,0,0.296235
5,2,0,1,0,3,7,0,0.000000
5,2,0,1,0,4,7,0,0.000000
5,2,0,1,0,5,7,0,0.000000
5,2,0,1,0,6,7,0,0.000000
5,2,0,1,1,0,6,1,0.000001
5,2,0,1,2,0,6,1,0.001747
5,2,0,1,3,0,6,1,0.002933
5,2,0,2,0,0,4,1,0.109369
5,2,0,2,0,0,6,1,-0.994994
5,2,0,2,0,0,7,0,0.398000
5,2,0,2,0,1,7,0,0.199000
5,2,0,2,0,2,5,0,0.077699
5,2,0,2,0,2,7,0,0.066333
5,2,0,2,0,3,7,0,0.000000
5,2,0,2,0,4,7,0,0.000000
5,2,0,2,0,5,7,0,0.000000
5,2,0,2,1,0,6,1,0.000006
5,2,0,2,2,0,6,1,0.000017
5,2,0,2,3,0,6,1,0.329053
5,2,0,3,0,0,6,1,-0.601541
5,2,0,3,0,0,7,0,0.398000
5,2,0,3,0,1,5,0,0.083740
5,2,0,3,0,1,7,0,0.199000
5,2,0,3,0,2,7,0,0.066333
5,2,0,3,0,3,7,0,0.000000
5,2,0,3,0,4,7,0,0.000000
5,2,0,3,1,0,6,1,-0.994951
5,2,0,3,2,0,6,1,0.000041
5,2,0,3,3,0,6,1,0.000031
5,2,0,4,0,0,5,0,0.141343
5,2,0,4,0,0,6,1,-0.905920
5,2,0,4,0,0,7,0,0.398000
5,2,0,4,0,1,7,0,0.199000
5,2,0,4,0,2,7,0,0.194534
5,2,0,4,0,3,7,0,0.000000
5,2,0,4,1,0,6,1,-0.890784
5,2,0,4,2,0,6,1,-0.994989
5,2,0,4,3,0,6,1,0.000051
5,2,1,0,0,0,6,1,0.570376
5,2,1,0,0,1,7,0,0.994140
5,2,1,0,0,2,7,0,0.993487
5,2,1,0,0,3,7,0,0.392097
5,2,1,0,0,4,7,0,0.000000
5,2,1,0,0,5,7,0,0.000000
5,2,1,0,0,6,7,0,0.000000
5,2,1,0,0,7,7,0,0.000000
5,2,1,0,1,0,6,1,0.980555
5,2,1,0,2,0,6,1,0.980555
5,2,1,1,0,0,6,1,0.000004
5,2,1,1,0,0,7,0,0.994386
5,2,1,1,0,1,7,0,0.993754
5,2,1,1,0,2,7,0,0.796383
5,2,1,1,0,3,7,0,0.049750
5,2,1,1,0,4,7,0,0.000000
5,2,1,1,0,5,7,0,0.000000
5,2,1,1,0,6,7,0,0.000000
5,2,1,1,1,0,6,1,0.003706
5,2,1,1,2,0,6,1,0.003708
5,2,1,2,0,0,6,1,-0.189408
5,2,1,2,0,0,7,0,0.994110
5,2,1,2,0,1,7,0,0.990713
5,2,1,2,0,2,7,0,0.149250
5,2,1,2,0,3,7,0,0.049750
5,2,1,2,0,4,7,0,0.000000
5,2,1,2,0,5,7,0,0.000000
5,2,1,2,1,0,6,1,0.007259
5,2,1,2,2,0,6,1,0.329061
5,2,1,3,0,0,6,1,-0.994954
5,2,1,3,0,0,7,0,0.991938
5,2,1,3,0,1,7,0,0.298500
5,2,1,3,0,2,7,0,0.149250
5,2,1,3,0,3,7,0,0.052533
5,2,1,3,0,4,7,0,0.000000
5,2,1,3,1,0,6,1,-0.279724
5,2,1,3,2,0,6,1,0.000031
5,2,1,4,0,0,6,1,-0.969969
5,2,1,4,0,0,7,0,0.497500
5,2,1,4,0,1,7,0,0.298500
5,2,1,4,0,2,7,0,0.151740
5,2,1,4,0,3,7,0,0.850911
5,2,1,4,1,0,6,1,-0.994997
5,2,1,4,2,0,6,1,-0.274859
5,2,2,0,0,0,6,1,0.988189
5,2,2,0,0,2,7,0,0.993852
5,2,2,0,0,3,7,0,0.993154
5,2,2,0,0,4,7,0,0.216014
5,2,2,0,0,5,7,0,0.000000
5,2,2,0,0,6,7,0,0.000000
5,2,2,0,0,7,7,0,0.000000
5,2,2,0,1,0,6,1,0.988189
5,2,2,1,0,0,6,1,0.348592
5,2,2,1,0,1,7,0,0.994094
5,2,2,1,0,2,7,0,0.993405
5,2,2,1,0,3,7,0,0.527678
5,2,2,1,0,4,7,0,0.039800
5,2,2,1,0,5,7,0,0.000000
5,2,2,1,0,6,7,0,0.000000
5,2,2,1,1,0,6,1,0.988023
5,2,2,2,0,0,6,1,-0.381011
5,2,2,2,0,0,7,0,0.994396
5,2,2,2,0,1,7,0,0.993741
5,2,2,2,0,2,7,0,0.803080
5,2,2,2,0,3,7,0,0.119400
5,2,2,2,0,4,7,0,0.327883
5,2,2,2,0,5,7,0,0.000000
5,2,2,2,1,0,6,1,0.329122
5,2,2,3,0,0,6,1,-0.518835
5,2,2,3,0,0,7,0,0.994161
5,2,2,3,0,1,7,0,0.936830
5,2,2,3,0,2,7,0,0.238800
5,2,2,3,0,3,7,0,0.697379
5,2,2,3,0,4,7,0,0.519366
5,2,2,3,1,0,6,1,-0.000030
5,2,2,4,0,0,6,1,-0.994999
5,2,2,4,0,0,7,0,0.956220
5,2,2,4,0,1,7,0,0.398000
5,2,2,4,0,2,7,0,0.898450
5,2,2,4,0,3,7,0,0.829953
5,2,2,4,1,0,6,1,-0.274861
5,2,3,0,0,0,6,1,0.989738
5,2,3,0,0,3,7,0,0.994712
5,2,3,0,0,4,7,0,0.994675
5,2,3,0,0,5,7,0,0.033167
5,2,3,0,0,6,7,0,0.000000
5,2,3,0,0,7,7,0,0.000000
5,2,3,1,0,0,6,1,0.989703
5,2,3,1,0,2,7,0,0.994760
5,2,3,1,0,3,7,0,0.994711
5,2,3,1,0,4,7,0,0.099500
5,2,3,1,0,5,7,0,0.533657
5,2,3,1,0,6,7,0,0.000000
5,2,3,2,0,0,6,1,-0.353408
5,2,3,2,0,1,7,0,0.994820
5,2,3,2,0,2,7,0,0.994760
5,2,3,2,0,3,7,0,0.199000
5,2,3,2,0,4,7,0,0.772920
5,2,3,2,0,5,7,0,0.938426
5,2,3,3,0,0,6,1,-0.000028
5,2,3,3,0,0,7,0,0.994880
5,2,3,3,0,1,7,0,0.994820
5,2,3,3,0,2,7,0,0.331667
5,2,3,3,0,3,7,0,0.943976
5,2,3,3,0,4,7,0,0.988235
5,2,3,4,0,0,6,1,-0.274857
5,2,3,4,0,0,7,0,0.994880
5,2,3,4,0,1,7,0,0.497500
5,2,3,4,0,2,7,0,0.957899
5,2,3,4,0,3,7,0,0.988987
5,3,0,0,0,0,6,1,0.001022
5,3,0,0,0,0,7,0,0.986448
5,3,0,0,0,1,7,0,0.066333
5,3,0,0,0,2,7,0,0.000000
5,3,0,0,0,3,5,0,0.317846
5,3,0,0,0,3,7,0,0.000000
5,3,0,0,0,4,5,0,0.518297
5,3,0,0,0,4,7,0,0.000000
5,3,0,0,0,5,7,0,0.000000
5,3,0,0,0,6,7,0,0.000000
5,3,0,0,0,7,7,0,0.000000
5,3,0,0,1,0,6,1,0.000045
5,3,0,0,2,0,6,1,0.010714
5,3,0,0,3,0,6,1,0.026285
5,3,0,0,4,0,6,1,0.017442
5,3,0,1,0,0,4,1,-0.010077
5,3,0,1,0,0,6,1,0.000000
5,3,0,1,0,0,7,0,0.199000
5,3,0,1,0,1,7,0,0.066333
5,3,0,1,0,2,5,0,0.116117
5,3,0,1,0,2,7,0,0.000000
5,3,0,1,0,3,5,0,0.094377
5,3,0,1,0,3,7,0,0.000000
5,3,0,1,0,4,7,0,0.000000
5,3,0,1,0,5,7,0,0.000000
5,3,0,1,0,6,7,0,0.000000
5,3,0,1,1,0,6,1,0.000001
5,3,0,1,2,0,6,1,0.000000
5,3,0,1,3,0,6,1,0.000391
5,3,0,1,4,0,6,1,0.001526
5,3,0,2,0,0,4,1,-0.016757
5,3,0,2,0,0,6,1,-0.283033
5,3,0,2,0,0,7,0,0.199000
5,3,0,2,0,1,5,0,-0.029260
5,3,0,2,0,1,7,0,0.066333
5,3,0,2,0,2,5,0,-0.035620
5,3,0,2,0,2,7,0,0.000000
5,3,0,2,0,3,7,0,0.000000
5,3,0,2,0,4,7,0,0.000000
5,3,0,2,0,5,7,0,0.000000
5,3,0,2,1,0,4,1,-0.075982
5,3,0,2,1,0,6,1,0.000002
5,3,0,2,2,0,6,1,0.000003
5,3,0,2,3,0,6,1,0.000005
5,3,0,2,4,0,6,1,0.117470
5,3,0,3,0,0,5,0,-0.011174
5,3,0,3,0,0,6,1,-0.634595
5,3,0,3,0,0,7,0,0.199000
5,3,0,3,0,1,5,0,-0.051407
5,3,0,3,0,1,7,0,0.066333
5,3,0,3,0,2,7,0,0.000000
5,3,0,3,0,3,7,0,0.000000
5,3,0,3,0,4,7,0,0.000000
5,3,0,3,1,0,6,1,-0.994471
5,3,0,3,2,0,6,1,0.000008
5,3,0,3,3,0,6,1,0.000025
5,3,0,3,4,0,6,1,0.000036
5,3,0,4,0,0,5,0,-0.192466
5,3,0,4,0,0,7,0,0.199000
5,3,0,4,0,1,7,0,0.066333
5,3,0,4,0,2,7,0,0.000000
5,3,0,4,0,3,7,0,0.000000
5,3,0,4,1,0,6,1,-0.928713
5,3,0,4,2,0,6,1,-0.994987
5,3,0,4,3,0,6,1,0.000050
5,3,0,4,4,0,6,1,0.000204
5,3,1,0,0,0,6,1,0.003524
5,3,1,0,0,0,7,0,0.994940
5,3,1,0,0,1,7,0,0.975194
5,3,1,0,0,2,7,0,0.049750
5,3,1,0,0,3,7,0,0.000000
5,3,1,0,0,4,5,0,0.505053
5,3,1,0,0,4,7,0,0.000000
5,3,1,0,0,5,7,0,0.000000
5,3,1,0,0,6,7,0,0.000000
5,3,1,0,0,7,7,0,0.000000
5,3,1,0,1,0,6,1,0.035138
5,3,1,0,2,0,6,1,0.185542
5,3,1,0,3,0,6,1,0.345648
5,3,1,1,0,0,6,1,0.000001
5,3,1,1,0,0,7,0,0.978689
5,3,1,1,0,1,7,0,0.149250
5,3,1,1,0,2,7,0,0.049750
5,3,1,1,0,3,5,0,0.367281
5,3,1,1,0,3,7,0,0.000000
5,3,1,1,0,4,7,0,0.000000
5,3,1,1,0,5,7,0,0.000000
5,3,1,1,0,6,7,0,0.000000
5,3,1,1,1,0,6,1,0.000001
5,3,1,1,2,0,6,1,0.000695
5,3,1,1,3,0,6,1,0.009868
5,3,1,2,0,0,4,1,0.137669
5,3,1,2,0,0,6,1,-0.170543
5,3,1,2,0,0,7,0,0.298500
5,3,1,2,0,1,7,0,0.149250
5,3,1,2,0,2,5,0,0.128568
5,3,1,2,0,2,7,0,0.049750
5,3,1,2,0,3,7,0,0.000000
5,3,1,2,0,4,7,0,0.000000
5,3,1,2,0,5,7,0,0.000000
5,3,1,2,1,0,6,1,0.000003
5,3,1,2,2,0,6,1,0.000006
5,3,1,2,3,0,6,1,0.183616
5,3,1,3,0,0,6,1,-0.994482
5,3,1,3,0,0,7,0,0.298500
5,3,1,3,0,1,5,0,0.136419
5,3,1,3,0,1,7,0,0.149250
5,3,1,3,0,2,7,0,0.049750
5,3,1,3,0,3,7,0,0.000000
5,3,1,3,0,4,7,0,0.000000
5,3,1,3,1,0,6,1,-0.180000
5,3,1,3,2,0,6,1,0.000027
5,3,1,3,3,0,6,1,0.000036
5,3,1,4,0,0,5,0,0.141308
5,3,1,4,0,0,6,1,-0.994996
5,3,1,4,0,0,7,0,0.298500
5,3,1,4,0,1,7,0,0.149250
5,3,1,4,0,2,7,0,0.274400
5,3,1,4,0,3,7,0,0.000000
5,3,1,4,1,0,6,1,-0.994991
5,3,1,4,2,0,6,1,-0.274925
5,3,1,4,3,0,6,1,0.000225
5,3,2,0,0,0,6,1,0.411826
5,3,2,0,0,1,7,0,0.879659
5,3,2,0,0,2,7,0,0.892723
5,3,2,0,0,3,7,0,0.251041
5,3,2,0,0,4,7,0,0.000000
5,3,2,0,0,5,7,0,0.000000
5,3,2,0,0,6,7,0,0.000000
5,3,2,0,0,7,7,0,0.000000
5,3,2,0,1,0,6,1,0.936171
5,3,2,0,2,0,6,1,0.989161
5,3,2,1,0,0,6,1,0.000003
5,3,2,1,0,0,7,0,0.994607
5,3,2,1,0,1,7,0,0.956011
5,3,2,1,0,2,7,0,0.594656
5,3,2,1,0,3,7,0,0.039800
5,3,2,1,0,4,7,0,0.000000
5,3,2,1,0,5,7,0,0.000000
5,3,2,1,0,6,7,0,0.000000
5,3,2,1,1,0,6,1,0.001345
5,3,2,1,2,0,6,1,0.074280
5,3,2,2,0,0,6,1,-0.156126
5,3,2,2,0,0,7,0,0.964219
5,3,2,2,0,1,7,0,0.854943
5,3,2,2,0,2,7,0,0.119400
5,3,2,2,0,3,7,0,0.039800
5,3,2,2,0,4,7,0,0.000000
5,3,2,2,0,5,7,0,0.000000
5,3,2,2,1,0,6,1,0.000007
5,3,2,2,2,0,6,1,0.323381
5,3,2,3,0,0,6,1,-0.165426
5,3,2,3,0,0,7,0,0.888990
5,3,2,3,0,1,7,0,0.238800
5,3,2,3,0,2,7,0,0.119400
5,3,2,3,0,3,7,0,0.386733
5,3,2,3,0,4,7,0,0.000000
5,3,2,3,1,0,6,1,-0.333682
5,3,2,3,2,0,6,1,0.000036
5,3,2,4,0,0,6,1,-0.994992
5,3,2,4,0,0,7,0,0.398000
5,3,2,4,0,1,7,0,0.238800
5,3,2,4,0,2,7,0,0.437422
5,3,2,4,0,3,7,0,0.876819
5,3,2,4,1,0,6,1,-0.280062
5,3,2,4,2,0,6,1,-0.003063
5,3,3,0,0,0,6,1,0.964128
5,3,3,0,0,2,7,0,0.994773
5,3,3,0,0,3,7,0,0.963627
5,3,3,0,0,4,7,0,0.033167
5,3,3,0,0,5,7,0,0.000000
5,3,3,0,0,6,7,0,0.000000
5,3,3,0,0,7,7,0,0.000000
5,3,3,0,1,0,6,1,0.989770
5,3,3,1,0,0,6,1,0.037266
5,3,3,1,0,1,7,0,0.994811
5,3,3,1,0,2,7,0,0.981765
5,3,3,1,0,3,7,0,0.099500
5,3,3,1,0,4,7,0,0.033167
5,3,3,1,0,5,7,0,0.000000
5,3,3,1,0,6,7,0,0.000000
5,3,3,1,1,0,6,1,0.986853
5,3,3,2,0,0,6,1,-0.353228
5,3,3,2,0,0,7,0,0.994858
5,3,3,2,0,1,7,0,0.983971
5,3,3,2,0,2,7,0,0.199000
5,3,3,2,0,3,7,0,0.099500
5,3,3,2,0,4,7,0,0.601936
5,3,3,2,0,5,7,0,0.000000
5,3,3,2,1,0,6,1,0.323682
5,3,3,3,0,0,6,1,-0.423922
5,3,3,3,0,0,7,0,0.986728
5,3,3,3,0,1,7,0,0.331667
5,3,3,3,0,2,7,0,0.199000
5,3,3,3,0,3,7,0,0.891394
5,3,3,3,0,4,7,0,0.515926
5,3,3,3,1,0,6,1,-0.000030
5,3,3,4,0,0,6,1,-0.412335
5,3,3,4,0,0,7,0,0.497500
5,3,3,4,0,1,7,0,0.331667
5,3,3,4,0,2,7,0,0.957641
5,3,3,4,0,3,7,0,0.924541
5,3,3,4,1,0,6,1,-0.003398
5,3,4,0,0,0,6,1,0.989972
5,3,4,0,0,3,7,0,0.994930
5,3,4,0,0,4,7,0,0.994922
5,3,4,0,0,5,7,0,0.124367
5,3,4,0,0,6,7,0,0.000000
5,3,4,0,0,7,7,0,0.000000
5,3,4,1,0,0,6,1,0.989952
5,3,4,1,0,2,7,0,0.994939
5,3,4,1,0,3,7,0,0.994930
5,3,4,1,0,4,7,0,0.290576
5,3,4,1,0,5,7,0,0.947085
5,3,4,1,0,6,7,0,0.000000
5,3,4,2,0,0,6,1,-0.554687
5,3,4,2,0,1,7,0,0.994952
5,3,4,2,0,2,7,0,0.994939
5,3,4,2,0,3,7,0,0.416104
5,3,4,2,0,4,7,0,0.982859
5,3,4,2,0,5,7,0,0.965767
5,3,4,3,0,0,6,1,-0.994742
5,3,4,3,0,0,7,0,0.994964
5,3,4,3,0,1,7,0,0.994951
5,3,4,3,0,2,7,0,0.495952
5,3,4,3,0,3,7,0,0.988562
5,3,4,3,0,4,7,0,0.993881
5,3,4,4,0,0,6,1,-0.006780
5,3,4,4,0,0,7,0,0.994964
5,3,4,4,0,1,7,0,0.595762
5,3,4,4,0,2,7,0,0.989450
5,3,4,4,0,3,7,0,0.993986
5,4,0,0,0,0,2,1,0.097388
5,4,0,0,0,0,4,1,0.040838
5,4,0,0,0,0,5,0,0.565079
5,4,0,0,0,0,6,1,0.000007
5,4,0,0,0,0,7,0,0.066333
5,4,0,0,0,1,5,0,0.308780
5,4,0,0,0,1,7,0,0.000000
5,4,0,0,0,2,3,0,0.609668
5,4,0,0,0,2,5,0,0.056023
5,4,0,0,0,2,7,0,0.000000
5,4,0,0,0,3,5,0,0.117417
5,4,0,0,0,3,7,0,0.000000
5,4,0,0,0,4,5,0,0.167695
5,4,0,0,0,4,7,0,0.000000
5,4,0,0,0,5,7,0,0.000000
5,4,0,0,0,6,7,0,0.000000
5,4,0,0,0,7,7,0,0.000000
5,4,0,0,1,0,4,1,0.156154
5,4,0,0,1,0,6,1,0.000530
5,4,0,0,2,0,4,1,0.169435
5,4,0,0,2,0,6,1,0.000007
5,4,0,0,3,0,6,1,0.000039
5,4,0,0,4,0,6,1,0.000073
5,4,0,0,5,0,6,1,0.000049
5,4,0,1,0,0,4,1,-0.001636
5,4,0,1,0,0,5,0,0.000998
5,4,0,1,0,0,6,1,0.000000
5,4,0,1,0,0,7,0,0.066333
5,4,0,1,0,1,3,0,0.098013
5,4,0,1,0,1,5,0,0.000002
5,4,0,1,0,1,7,0,0.000000
5,4,0,1,0,2,5,0,0.000001
5,4,0,1,0,2,7,0,0.000000
5,4,0,1,0,3,5,0,0.000031
5,4,0,1,0,3,7,0,0.000000
5,4,0,1,0,4,7,0,0.000000
5,4,0,1,0,5,7,0,0.000000
5,4,0,1,0,6,7,0,0.000000
5,4,0,1,1,0,4,1,-0.008398
5,4,0,1,1,0,6,1,0.000000
5,4,0,1,2,0,4,1,-0.012333
5,4,0,1,2,0,6,1,0.000000
5,4,0,1,3,0,6,1,0.000000
5,4,0,1,4,0,6,1,0.000000
5,4,0,1,5,0,6,1,0.000000
5,4,0,2,0,0,3,0,0.097780
5,4,0,2,0,0,5,0,-0.002679
5,4,0,2,0,0,6,1,-0.366274
5,4,0,2,0,0,7,0,0.066333
5,4,0,2,0,1,5,0,-0.020970
5,4,0,2,0,1,7,0,0.000000
5,4,0,2,0,2,5,0,-0.000878
5,4,0,2,0,2,7,0,0.000000
5,4,0,2,0,3,7,0,0.000000
5,4,0,2,0,4,7,0,0.000000
5,4,0,2,0,5,7,0,0.000000
5,4,0,2,1,0,4,1,-0.004093
5,4,0,2,1,0,6,1,0.000001
5,4,0,2,2,0,4,1,-0.089392
5,4,0,2,2,0,6,1,0.000001
5,4,0,2,3,0,6,1,0.000002
5,4,0,2,4,0,6,1,0.000004
5,4,0,2,5,0,6,1,0.000000
5,4,0,3,0,0,5,0,-0.091188
5,4,0,3,0,0,7,0,0.066333
5,4,0,3,0,1,5,0,-0.056534
5,4,0,3,0,1,7,0,0.000000
5,4,0,3,0,2,7,0,0.000000
5,4,0,3,0,3,7,0,0.000000
5,4,0,3,0,4,7,0,0.000000
5,4,0,3,1,0,6,1,-0.751377
5,4,0,3,2,0,6,1,0.010265
5,4,0,3,3,0,6,1,0.000008
5,4,0,3,4,0,6,1,0.000011
5,4,0,3,5,0,6,1,0.000011
5,4,0,4,0,0,5,0,-0.497130
5,4,0,4,0,0,7,0,0.066333
5,4,0,4,0,1,7,0,0.000000
5,4,0,4,0,2,7,0,0.000000
5,4,0,4,0,3,7,0,0.000000
5,4,0,4,2,0,6,1,-0.865764
5,4,0,4,3,0,6,1,0.000435
5,4,0,4,4,0,6,1,0.000166
5,4,0,4,5,0,6,1,0.000186
5,4,1,0,0,0,4,1,0.538408
5,4,1,0,0,0,6,1,0.001290
5,4,1,0,0,0,7,0,0.149250
5,4,1,0,0,1,5,0,0.960656
5,4,1,0,0,1,7,0,0.049750
5,4,1,0,0,2,5,0,0.611524
5,4,1,0,0,2,7,0,0.000000
5,4,1,0,0,3,5,0,0.203638
5,4,1,0,0,3,7,0,0.000000
5,4,1,0,0,4,5,0,0.206798
5,4,1,0,0,4,7,0,0.000000
5,4,1,0,0,5,7,0,0.000000
5,4,1,0,0,6,7,0,0.000000
5,4,1,0,0,7,7,0,0.000000
5,4,1,0,1,0,4,1,0.538506
5,4,1,0,1,0,6,1,0.000018
5,4,1,0,2,0,6,1,0.000109
5,4,1,0,3,0,6,1,0.000493
5,4,1,0,4,0,6,1,0.000416
5,4,1,1,0,0,4,1,-0.153502
5,4,1,1,0,0,5,0,0.956469
5,4,1,1,0,0,6,1,0.000000
5,4,1,1,0,0,7,0,0.149250
5,4,1,1,0,1,5,0,0.345333
5,4,1,1,0,1,7,0,0.049750
5,4,1,1,0,2,5,0,0.165642
5,4,1,1,0,2,7,0,0.000000
5,4,1,1,0,3,5,0,0.030773
5,4,1,1,0,3,7,0,0.000000
5,4,1,1,0,4,7,0,0.000000
5,4,1,1,0,5,7,0,0.000000
5,4,1,1,0,6,7,0,0.000000
5,4,1,1,1,0,4,1,0.326612
5,4,1,1,1,0,6,1,0.000000
5,4,1,1,2,0,6,1,0.000000
5,4,1,1,3,0,6,1,0.000005
5,4,1,1,4,0,6,1,0.000000
5,4,1,2,0,0,4,1,0.002173
5,4,1,2,0,0,5,0,0.295223
5,4,1,2,0,0,6,1,-0.110782
5,4,1,2,0,0,7,0,0.149250
5,4,1,2,0,1,5,0,-0.225515
5,4,1,2,0,1,7,0,0.049750
5,4,1,2,0,2,5,0,-0.035974
5,4,1,2,0,2,7,0,0.000000
5,4,1,2,0,3,7,0,0.000000
5,4,1,2,0,4,7,0,0.000000
5,4,1,2,0,5,7,0,0.000000
5,4,1,2,1,0,4,1,-0.000024
5,4,1,2,1,0,6,1,0.000001
5,4,1,2,2,0,6,1,0.000003
5,4,1,2,3,0,6,1,0.000004
5,4,1,2,4,0,6,1,0.000000
5,4,1,3,0,0,5,0,0.000014
5,4,1,3,0,0,6,1,-0.994988
5,4,1,3,0,0,7,0,0.149250
5,4,1,3,0,1,5,0,-0.037259
5,4,1,3,0,1,7,0,0.049750
5,4,1,3,0,2,7,0,0.000000
5,4,1,3,0,3,7,0,0.000000
5,4,1,3,0,4,7,0,0.000000
5,4,1,3,1,0,6,1,-0.065115
5,4,1,3,2,0,6,1,0.000014
5,4,1,3,3,0,6,1,0.000024
5,4,1,3,4,0,6,1,0.000011
5,4,1,4,0,0,5,0,-0.000532
5,4,1,4,0,0,7,0,0.149250
5,4,1,4,0,1,7,0,0.049750
5,4,1,4,0,2,7,0,0.000000
5,4,1,4,0,3,7,0,0.000000
5,4,1,4,1,0,6,1,-0.994994
5,4,1,4,2,0,6,1,-0.985896
5,4,1,4,3,0,6,1,0.000163
5,4,1,4,4,0,6,1,0.000204
5,4,2,0,0,0,4,1,0.985454
5,4,2,0,0,0,6,1,0.000373
5,4,2,0,0,0,7,0,0.238800
5,4,2,0,0,1,7,0,0.119400
5,4,2,0,0,2,5,0,0.984504
5,4,2,0,0,2,7,0,0.039800
5,4,2,0,0,3,5,0,0.313891
5,4,2,0,0,3,7,0,0.000000
5,4,2,0,0,4,5,0,0.285877
5,4,2,0,0,4,7,0,0.000000
5,4,2,0,0,5,7,0,0.000000
5,4,2,0,0,6,7,0,0.000000
5,4,2,0,0,7,7,0,0.000000
5,4,2,0,1,0,6,1,0.000417
5,4,2,0,2,0,6,1,0.002076
5,4,2,0,3,0,6,1,0.009087
5,4,2,1,0,0,4,1,0.328421
5,4,2,1,0,0,6,1,0.000001
5,4,2,1,0,0,7,0,0.238800
5,4,2,1,0,1,5,0,0.991838
5,4,2,1,0,1,7,0,0.119400
5,4,2,1,0,2,5,0,0.311074
5,4,2,1,0,2,7,0,0.039800
5,4,2,1,0,3,5,0,0.108788
5,4,2,1,0,3,7,0,0.000000
5,4,2,1,0,4,7,0,0.000000
5,4,2,1,0,5,7,0,0.000000
5,4,2,1,0,6,7,0,0.000000
5,4,2,1,1,0,6,1,0.000000
5,4,2,1,2,0,6,1,0.000006
5,4,2,1,3,0,6,1,0.000001
5,4,2,2,0,0,4,1,-0.059949
5,4,2,2,0,0,5,0,0.994998
5,4,2,2,0,0,6,1,-0.015838
5,4,2,2,0,0,7,0,0.238800
5,4,2,2,0,1,5,0,0.535184
5,4,2,2,0,1,7,0,0.119400
5,4,2,2,0,2,5,0,-0.207429
5,4,2,2,0,2,7,0,0.039800
5,4,2,2,0,3,7,0,0.000000
5,4,2,2,0,4,7,0,0.000000
5,4,2,2,0,5,7,0,0.000000
5,4,2,2,1,0,6,1,0.000003
5,4,2,2,2,0,6,1,0.000004
5,4,2,2,3,0,6,1,0.000000
5,4,2,3,0,0,5,0,0.368181
5,4,2,3,0,0,6,1,-0.102174
5,4,2,3,0,0,7,0,0.238800
5,4,2,3,0,1,5,0,-0.000013
5,4,2,3,0,1,7,0,0.119400
5,4,2,3,0,2,7,0,0.039800
5,4,2,3,0,3,7,0,0.000000
5,4,2,3,0,4,7,0,0.000000
5,4,2,3,1,0,6,1,-0.094291
5,4,2,3,2,0,6,1,0.000025
5,4,2,3,3,0,6,1,0.000011
5,4,2,4,0,0,5,0,0.000193
5,4,2,4,0,0,6,1,-0.994995
5,4,2,4,0,0,7,0,0.238800
5,4,2,4,0,1,7,0,0.119400
5,4,2,4,0,2,7,0,0.622265
5,4,2,4,0,3,7,0,0.000000
5,4,2,4,1,0,6,1,-0.985626
5,4,2,4,2,0,6,1,0.000079
5,4,2,4,3,0,6,1,0.000204
5,4,3,0,0,0,6,1,0.084725
5,4,3,0,0,1,7,0,0.199000
5,4,3,0,0,2,7,0,0.099500
5,4,3,0,0,3,7,0,0.033167
5,4,3,0,0,4,7,0,0.000000
5,4,3,0,0,5,7,0,0.000000
5,4,3,0,0,6,7,0,0.000000
5,4,3,0,0,7,7,0,0.000000
5,4,3,0,1,0,6,1,0.186372
5,4,3,0,2,0,6,1,0.207963
5,4,3,1,0,0,6,1,0.000002
5,4,3,1,0,0,7,0,0.331667
5,4,3,1,0,1,7,0,0.199000
5,4,3,1,0,2,7,0,0.099500
5,4,3,1,0,3,7,0,0.033167
5,4,3,1,0,4,7,0,0.000000
5,4,3,1,0,5,7,0,0.000000
5,4,3,1,0,6,7,0,0.000000
5,4,3,1,1,0,6,1,0.000009
5,4,3,1,2,0,6,1,0.000005
5,4,3,2,0,0,6,1,-0.311625
5,4,3,2,0,0,7,0,0.331667
5,4,3,2,0,1,7,0,0.199000
5,4,3,2,0,2,7,0,0.099500
5,4,3,2,0,3,7,0,0.033167
5,4,3,2,0,4,7,0,0.000000
5,4,3,2,0,5,7,0,0.000000
5,4,3,2,1,0,6,1,0.000005
5,4,3,2,2,0,6,1,0.000003
5,4,3,3,0,0,6,1,-0.067679
5,4,3,3,0,0,7,0,0.331667
5,4,3,3,0,1,7,0,0.199000
5,4,3,3,0,2,7,0,0.099500
5,4,3,3,0,3,7,0,0.505179
5,4,3,3,0,4,7,0,0.000000
5,4,3,3,1,0,6,1,-0.363227
5,4,3,3,2,0,6,1,0.000011
5,4,3,4,0,0,6,1,-0.985441
5,4,3,4,0,0,7,0,0.331667
5,4,3,4,0,1,7,0,0.199000
5,4,3,4,0,2,7,0,0.538960
5,4,3,4,0,3,7,0,0.935367
5,4,3,4,1,0,6,1,0.000035
5,4,3,4,2,0,6,1,-0.001519
5,4,4,0,0,0,6,1,0.697836
5,4,4,0,0,2,7,0,0.796357
5,4,4,0,0,3,7,0,0.640376
5,4,4,0,0,4,7,0,0.028429
5,4,4,0,0,5,7,0,0.000000
5,4,4,0,0,6,7,0,0.000000
5,4,4,0,0,7,7,0,0.000000
5,4,4,0,1,0,6,1,0.712362
5,4,4,1,0,0,6,1,0.051391
5,4,4,1,0,1,7,0,0.927567
5,4,4,1,0,2,7,0,0.819301
5,4,4,1,0,3,7,0,0.085286
5,4,4,1,0,4,7,0,0.028429
5,4,4,1,0,5,7,0,0.000000
5,4,4,1,0,6,7,0,0.000000
5,4,4,1,1,0,6,1,0.533561
5,4,4,2,0,0,6,1,-0.629263
5,4,4,2,0,0,7,0,0.953663
5,4,4,2,0,1,7,0,0.943969
5,4,4,2,0,2,7,0,0.170571
5,4,4,2,0,3,7,0,0.085286
5,4,4,2,0,4,7,0,0.760958
5,4,4,2,0,5,7,0,0.000000
5,4,4,2,1,0,6,1,0.000009
5,4,4,3,0,0,6,1,-0.487961
5,4,4,3,0,0,7,0,0.957429
5,4,4,3,0,1,7,0,0.284286
5,4,4,3,0,2,7,0,0.170571
5,4,4,3,0,3,7,0,0.983077
5,4,4,3,0,4,7,0,0.931421
5,4,4,3,1,0,6,1,-0.994882
5,4,4,4,0,0,6,1,-0.283802
5,4,4,4,0,0,7,0,0.426429
5,4,4,4,0,1,7,0,0.284286
5,4,4,4,0,2,7,0,0.984195
5,4,4,4,0,3,7,0,0.966201
5,4,4,4,1,0,6,1,-0.001501
5,5,0,0,0,0,1,0,0.096815
5,5,0,0,0,0,4,1,0.017003
5,5,0,0,0,0,5,0,0.083397
5,5,0,0,0,0,6,1,0.000000
5,5,0,0,0,0,7,0,0.000000
5,5,0,0,0,1,3,0,0.055707
5,5,0,0,0,1,5,0,0.065673
5,5,0,0,0,1,7,0,0.000000
5,5,0,0,0,2,3,0,0.022410
5,5,0,0,0,2,5,0,0.000046
5,5,0,0,0,2,7,0,0.000000
5,5,0,0,0,3,5,0,0.000034
5,5,0,0,0,3,7,0,0.000000
5,5,0,0,0,4,5,0,0.000012
5,5,0,0,0,4,7,0,0.000000
5,5,0,0,0,5,7,0,0.000000
5,5,0,0,0,6,7,0,0.000000
5,5,0,0,0,7,7,0,0.000000
5,5,0,0,1,0,2,1,-0.010985
5,5,0,0,1,0,4,1,-0.000044
5,5,0,0,1,0,6,1,0.000000
5,5,0,0,2,0,4,1,0.007409
5,5,0,0,2,0,6,1,0.000000
5,5,0,0,3,0,4,1,0.007442
5,5,0,0,3,0,6,1,0.000000
5,5,0,0,4,0,6,1,0.000000
5,5,0,0,5,0,6,1,0.000000
5,5,0,0,6,0,6,1,0.000000
5,5,0,1,0,0,3,0,-0.022690
5,5,0,1,0,0,5,0,0.000001
5,5,0,1,0,0,6,1,0.000000
5,5,0,1,0,0,7,0,0.000000
5,5,0,1,0,1,3,0,-0.009778
5,5,0,1,0,1,5,0,0.000000
5,5,0,1,0,1,7,0,0.000000
5,5,0,1,0,2,5,0,0.000000
5,5,0,1,0,2,7,0,0.000000
5,5,0,1,0,3,5,0,0.000004
5,5,0,1,0,3,7,0,0.000000
5,5,0,1,0,4,7,0,0.000000
5,5,0,1,0,5,7,0,0.000000
5,5,0,1,0,6,7,0,0.000000
5,5,0,1,1,0,4,1,0.000405
5,5,0,1,1,0,6,1,0.000000
5,5,0,1,2,0,4,1,-0.006216
5,5,0,1,2,0,6,1,0.000000
5,5,0,1,3,0,4,1,0.000002
5,5,0,1,3,0,6,1,0.000000
5,5,0,1,4,0,6,1,0.000000
5,5,0,1,5,0,6,1,0.000000
5,5,0,1,6,0,6,1,0.000000
5,5,0,2,0,0,3,0,-0.013875
5,5,0,2,0,0,5,0,-0.070306
5,5,0,2,0,0,7,0,0.000000
5,5,0,2,0,1,5,0,-0.009361
5,5,0,2,0,1,7,0,0.000000
5,5,0,2,0,2,5,0,-0.007624
5,5,0,2,0,2,7,0,0.000000
5,5,0,2,0,3,7,0,0.000000
5,5,0,2,0,4,7,0,0.000000
5,5,0,2,0,5,7,0,0.000000
5,5,0,2,1,0,6,1,0.000000
5,5,0,2,2,0,4,1,-0.048971
5,5,0,2,2,0,6,1,0.000000
5,5,0,2,3,0,4,1,-0.009503
5,5,0,2,3,0,6,1,0.000000
5,5,0,2,4,0,6,1,0.000000
5,5,0,2,5,0,6,1,0.000000
5,5,0,2,6,0,6,1,0.000000
5,5,0,3,0,0,5,0,-0.156653
5,5,0,3,0,0,7,0,0.000000
5,5,0,3,0,1,5,0,-0.029079
5,5,0,3,0,1,7,0,0.000000
5,5,0,3,0,2,7,0,0.000000
5,5,0,3,0,3,7,0,0.000000
5,5,0,3,0,4,7,0,0.000000
5,5,0,3,2,0,6,1,0.000000
5,5,0,3,3,0,6,1,0.000000
5,5,0,3,4,0,6,1,0.000000
5,5,0,3,5,0,6,1,0.000000
5,5,0,3,6,0,6,1,0.000000
5,5,0,4,0,0,5,0,-0.460569
5,5,0,4,0,0,7,0,0.000000
5,5,0,4,0,1,7,0,0.000000
5,5,0,4,0,2,7,0,0.000000
5,5,0,4,0,3,7,0,0.000000
5,5,0,4,3,0,6,1,0.000000
5,5,0,4,4,0,6,1,0.000000
5,5,0,4,5,0,6,1,0.000000
5,5,0,4,6,0,6,1,0.000000
5,5,1,0,0,0,2,1,0.009282
5,5,1,0,0,0,4,1,0.016320
5,5,1,0,0,0,5,0,0.711095
5,5,1,0,0,0,6,1,0.000029
5,5,1,0,0,0,7,0,0.049750
5,5,1,0,0,1,5,0,0.452167
5,5,1,0,0,1,7,0,0.000000
5,5,1,0,0,2,3,0,0.275100
5,5,1,0,0,2,5,0,0.110213
5,5,1,0,0,2,7,0,0.000000
5,5,1,0,0,3,5,0,0.134247
5,5,1,0,0,3,7,0,0.000000
5,5,1,0,0,4,5,0,0.110265
5,5,1,0,0,4,7,0,0.000000
5,5,1,0,0,5,7,0,0.000000
5,5,1,0,0,6,7,0,0.000000
5,5,1,0,0,7,7,0,0.000000
5,5,1,0,1,0,4,1,0.016829
5,5,1,0,1,0,6,1,0.000029
5,5,1,0,2,0,4,1,0.015619
5,5,1,0,2,0,6,1,0.000029
5,5,1,0,3,0,6,1,0.000024
5,5,1,0,4,0,6,1,0.000002
5,5,1,0,5,0,6,1,0.003396
5,5,1,1,0,0,4,1,-0.000985
5,5,1,1,0,0,5,0,0.000002
5,5,1,1,0,0,6,1,0.000000
5,5,1,1,0,0,7,0,0.049750
5,5,1,1,0,1,3,0,-0.000790
5,5,1,1,0,1,5,0,0.000001
5,5,1,1,0,1,7,0,0.000000
5,5,1,1,0,2,5,0,0.000001
5,5,1,1,0,2,7,0,0.000000
5,5,1,1,0,3,5,0,0.000012
5,5,1,1,0,3,7,0,0.000000
5,5,1,1,0,4,7,0,0.000000
5,5,1,1,0,5,7,0,0.000000
5,5,1,1,0,6,7,0,0.000000
5,5,1,1,1,0,4,1,-0.010978
5,5,1,1,1,0,6,1,0.000000
5,5,1,1,2,0,4,1,0.000007
5,5,1,1,2,0,6,1,0.000000
5,5,1,1,3,0,6,1,0.000000
5,5,1,1,4,0,6,1,0.000000
5,5,1,1,5,0,6,1,0.000000
5,5,1,2,0,0,3,0,0.029906
5,5,1,2,0,0,5,0,-0.029496
5,5,1,2,0,0,6,1,-0.683111
5,5,1,2,0,0,7,0,0.049750
5,5,1,2,0,1,5,0,-0.021839
5,5,1,2,0,1,7,0,0.000000
5,5,1,2,0,2,5,0,-0.000557
5,5,1,2,0,2,7,0,0.000000
5,5,1,2,0,3,7,0,0.000000
5,5,1,2,0,4,7,0,0.000000
5,5,1,2,0,5,7,0,0.000000
5,5,1,2,1,0,4,1,0.006423
5,5,1,2,1,0,6,1,0.000018
5,5,1,2,2,0,4,1,-0.000890
5,5,1,2,2,0,6,1,0.000003
5,5,1,2,3,0,6,1,0.000003
5,5,1,2,4,0,6,1,0.000000
5,5,1,2,5,0,6,1,0.000006
5,5,1,3,0,0,5,0,-0.094586
5,5,1,3,0,0,7,0,0.049750
5,5,1,3,0,1,5,0,-0.002649
5,5,1,3,0,1,7,0,0.000000
5,5,1,3,0,2,7,0,0.000000
5,5,1,3,0,3,7,0,0.000000
5,5,1,3,0,4,7,0,0.000000
5,5,1,3,1,0,6,1,-0.739228
5,5,1,3,2,0,6,1,0.000026
5,5,1,3,3,0,6,1,0.000026
5,5,1,3,4,0,6,1,0.000011
5,5,1,3,5,0,6,1,0.000001
5,5,1,4,0,0,5,0,-0.118972
5,5,1,4,0,0,7,0,0.049750
5,5,1,4,0,1,7,0,0.000000
5,5,1,4,0,2,7,0,0.000000
5,5,1,4,0,3,7,0,0.000000
5,5,1,4,2,0,6,1,-0.734280
5,5,1,4,3,0,6,1,0.001243
5,5,1,4,4,0,6,1,0.001704
5,5,1,4,5,0,6,1,0.000008
5,5,2,0,0,0,4,1,0.045430
5,5,2,0,0,0,6,1,0.000050
5,5,2,0,0,0,7,0,0.119400
5,5,2,0,0,1,5,0,0.966784
5,5,2,0,0,1,7,0,0.039800
5,5,2,0,0,2,5,0,0.255348
5,5,2,0,0,2,7,0,0.000000
5,5,2,0,0,3,5,0,0.180059
5,5,2,0,0,3,7,0,0.000000
5,5,2,0,0,4,5,0,0.128249
5,5,2,0,0,4,7,0,0.000000
5,5,2,0,0,5,7,0,0.000000
5,5,2,0,0,6,7,0,0.000000
5,5,2,0,0,7,7,0,0.000000
5,5,2,0,1,0,4,1,0.087100
5,5,2,0,1,0,6,1,0.000050
5,5,2,0,2,0,6,1,0.000042
5,5,2,0,3,0,6,1,0.000004
5,5,2,0,4,0,6,1,0.010189
5,5,2,1,0,0,4,1,-0.134957
5,5,2,1,0,0,5,0,0.820622
5,5,2,1,0,0,6,1,0.000000
5,5,2,1,0,0,7,0,0.119400
5,5,2,1,0,1,5,0,0.000002
5,5,2,1,0,1,7,0,0.039800
5,5,2,1,0,2,5,0,0.000001
5,5,2,1,0,2,7,0,0.000000
5,5,2,1,0,3,5,0,0.000015
5,5,2,1,0,3,7,0,0.000000
5,5,2,1,0,4,7,0,0.000000
5,5,2,1,0,5,7,0,0.000000
5,5,2,1,0,6,7,0,0.000000
5,5,2,1,1,0,4,1,0.000010
5,5,2,1,1,0,6,1,0.000000
5,5,2,1,2,0,6,1,0.000000
5,5,2,1,3,0,6,1,0.000000
5,5,2,1,4,0,6,1,0.000000
5,5,2,2,0,0,4,1,-0.068278
5,5,2,2,0,0,5,0,0.321341
5,5,2,2,0,0,6,1,-0.001670
5,5,2,2,0,0,7,0,0.119400
5,5,2,2,0,1,5,0,-0.265506
5,5,2,2,0,1,7,0,0.039800
5,5,2,2,0,2,5,0,-0.114384
5,5,2,2,0,2,7,0,0.000000
5,5,2,2,0,3,7,0,0.000000
5,5,2,2,0,4,7,0,0.000000
5,5,2,2,0,5,7,0,0.000000
5,5,2,2,1,0,4,1,-0.018491
5,5,2,2,1,0,6,1,0.000003
5,5,2,2,2,0,6,1,0.000004
5,5,2,2,3,0,6,1,0.000001
5,5,2,2,4,0,6,1,0.000011
5,5,2,3,0,0,5,0,-0.016714
5,5,2,3,0,0,6,1,-0.994988
5,5,2,3,0,0,7,0,0.119400
5,5,2,3,0,1,5,0,-0.284177
5,5,2,3,0,1,7,0,0.039800
5,5,2,3,0,2,7,0,0.000000
5,5,2,3,0,3,7,0,0.000000
5,5,2,3,0,4,7,0,0.000000
5,5,2,3,1,0,6,1,0.043263
5,5,2,3,2,0,6,1,0.000051
5,5,2,3,3,0,6,1,0.000012
5,5,2,3,4,0,6,1,0.000002
5,5,2,4,0,0,5,0,0.040401
5,5,2,4,0,0,7,0,0.119400
5,5,2,4,0,1,7,0,0.039800
5,5,2,4,0,2,7,0,0.000000
5,5,2,4,0,3,7,0,0.000000
5,5,2,4,1,0,6,1,-0.969197
5,5,2,4,2,0,6,1,0.010985
5,5,2,4,3,0,6,1,0.002001
5,5,2,4,4,0,6,1,0.000016
5,5,3,0,0,0,4,1,0.977487
5,5,3,0,0,0,6,1,0.000074
5,5,3,0,0,0,7,0,0.199000
5,5,3,0,0,1,7,0,0.099500
5,5,3,0,0,2,5,0,0.975670
5,5,3,0,0,2,7,0,0.033167
5,5,3,0,0,3,5,0,0.357123
5,5,3,0,0,3,7,0,0.000000
5,5,3,0,0,4,5,0,0.390273
5,5,3,0,0,4,7,0,0.000000
5,5,3,0,0,5,7,0,0.000000
5,5,3,0,0,6,7,0,0.000000
5,5,3,0,0,7,7,0,0.000000
5,5,3,0,1,0,6,1,0.000052
5,5,3,0,2,0,6,1,0.026632
5,5,3,0,3,0,6,1,0.025860
5,5,3,1,0,0,4,1,0.000021
5,5,3,1,0,0,6,1,0.000001
5,5,3,1,0,0,7,0,0.199000
5,5,3,1,0,1,5,0,0.985740
5,5,3,1,0,1,7,0,0.099500
5,5,3,1,0,2,5,0,0.000001
5,5,3,1,0,2,7,0,0.033167
5,5,3,1,0,3,5,0,0.000016
5,5,3,1,0,3,7,0,0.000000
5,5,3,1,0,4,7,0,0.000000
5,5,3,1,0,5,7,0,0.000000
5,5,3,1,0,6,7,0,0.000000
5,5,3,1,1,0,6,1,0.000000
5,5,3,1,2,0,6,1,0.000001
5,5,3,1,3,0,6,1,0.000000
5,5,3,2,0,0,4,1,-0.035929
5,5,3,2,0,0,5,0,0.993764
5,5,3,2,0,0,6,1,-0.112352
5,5,3,2,0,0,7,0,0.199000
5,5,3,2,0,1,5,0,0.598327
5,5,3,2,0,1,7,0,0.099500
5,5,3,2,0,2,5,0,-0.087968
5,5,3,2,0,2,7,0,0.033167
5,5,3,2,0,3,7,0,0.000000
5,5,3,2,0,4,7,0,0.000000
5,5,3,2,0,5,7,0,0.000000
5,5,3,2,1,0,6,1,0.000004
5,5,3,2,2,0,6,1,0.000001
5,5,3,2,3,0,6,1,0.000016
5,5,3,3,0,0,5,0,0.504189
5,5,3,3,0,0,6,1,-0.265894
5,5,3,3,0,0,7,0,0.199000
5,5,3,3,0,1,5,0,-0.003918
5,5,3,3,0,1,7,0,0.099500
5,5,3,3,0,2,7,0,0.033167
5,5,3,3,0,3,7,0,0.000000
5,5,3,3,0,4,7,0,0.000000
5,5,3,3,1,0,6,1,0.000005
5,5,3,3,2,0,6,1,0.000013
5,5,3,3,3,0,6,1,0.000002
5,5,3,4,0,0,5,0,0.158559
5,5,3,4,0,0,6,1,-0.994997
5,5,3,4,0,0,7,0,0.199000
5,5,3,4,0,1,7,0,0.099500
5,5,3,4,0,2,7,0,0.911243
5,5,3,4,0,3,7,0,0.000000
5,5,3,4,1,0,6,1,0.064686
5,5,3,4,2,0,6,1,-0.000611
5,5,3,4,3,0,6,1,0.000023
5,5,4,0,0,0,6,1,0.062892
5,5,4,0,0,1,7,0,0.612699
5,5,4,0,0,2,7,0,0.390742
5,5,4,0,0,3,7,0,0.028429
5,5,4,0,0,4,7,0,0.000000
5,5,4,0,0,5,7,0,0.000000
5,5,4,0,0,6,7,0,0.000000
5,5,4,0,0,7,7,0,0.000000
5,5,4,0,1,0,6,1,0.283941
5,5,4,0,2,0,6,1,0.287788
5,5,4,1,0,0,6,1,0.000001
5,5,4,1,0,0,7,0,0.665430
5,5,4,1,0,1,7,0,0.529482
5,5,4,1,0,2,7,0,0.085286
5,5,4,1,0,3,7,0,0.204514
5,5,4,1,0,4,7,0,0.000000
5,5,4,1,0,5,7,0,0.000000
5,5,4,1,0,6,7,0,0.000000
5,5,4,1,1,0,6,1,0.000001
5,5,4,1,2,0,6,1,0.000001
5,5,4,2,0,0,6,1,-0.147605
5,5,4,2,0,0,7,0,0.593692
5,5,4,2,0,1,7,0,0.170571
5,5,4,2,0,2,7,0,0.435181
5,5,4,2,0,3,7,0,0.310557
5,5,4,2,0,4,7,0,0.000000
5,5,4,2,0,5,7,0,0.000000
5,5,4,2,1,0,6,1,0.000002
5,5,4,2,2,0,6,1,0.000019
5,5,4,3,0,0,6,1,-0.262046
5,5,4,3,0,0,7,0,0.284286
5,5,4,3,0,1,7,0,0.529482
5,5,4,3,0,2,7,0,0.573150
5,5,4,3,0,3,7,0,0.744617
5,5,4,3,0,4,7,0,0.000000
5,5,4,3,1,0,6,1,-0.220117
5,5,4,3,2,0,6,1,0.000004
5,5,4,4,0,0,6,1,-0.312150
5,5,4,4,0,0,7,0,0.593692
5,5,4,4,0,1,7,0,0.612699
5,5,4,4,0,2,7,0,0.978046
5,5,4,4,0,3,7,0,0.991504
5,5,4,4,1,0,6,1,-0.477474
5,5,4,4,2,0,6,1,0.000031
